Season,Name,Tm,G,PA,AB,H,1B,2B,3B,HR,R,RBI,BB,IBB,SO,HBP,SF,SH,GDP,SB,CS,AVG,playerId
2002,"Tony Clark","BOS",15,36,36,15,11,3,0,1,1,7,0,0,0,0,0,0,0,0,0,0.416666666,182
2002,"Johnny Damon","BOS",34,119,116,38,30,7,0,1,1,7,0,0,0,0,1,2,0,0,0,0.327586206,185
2002,"Nomar Garciaparra","BOS",36,137,134,50,32,12,0,6,6,35,0,0,0,0,3,0,5,0,0,0.373134328,190
2002,"Shea Hillenbrand","BOS",37,129,127,39,29,8,0,2,2,17,0,0,0,0,2,0,5,0,0,0.307086614,196
2002,"Trot Nixon","BOS",36,112,109,36,17,14,1,4,4,22,0,0,0,0,1,2,4,0,0,0.330275229,204
2002,"Jose Offerman","BOS",17,56,56,15,10,4,0,1,1,5,0,0,0,0,0,0,4,0,0,0.267857142,205
2002,"Rey Sanchez","BOS",24,73,72,28,23,3,1,1,1,11,0,0,0,0,1,0,3,0,0,0.388888888,213
2002,"Jason Varitek","BOS",30,80,80,26,17,6,0,3,3,14,0,0,0,0,0,0,2,0,0,0.325,217
2002,"Carlos Baerga","BOS",14,36,35,10,8,2,0,0,0,2,0,0,0,0,1,0,3,0,0,0.285714285,175
2002,"Lou Merloni","BOS",16,39,39,8,4,2,1,1,1,7,0,0,0,0,0,0,2,0,0,0.205128205,201
2002,"Doug Mirabelli","BOS",12,27,27,8,2,4,0,2,2,9,0,0,0,0,0,0,2,0,0,0.296296296,202
2002,"Manny Ramirez","BOS",32,85,85,35,15,10,0,10,10,31,0,0,0,0,0,0,2,0,0,0.411764705,210
2002,"Rickey Henderson","BOS",11,23,23,9,8,0,0,1,1,2,0,0,0,0,0,0,0,0,0,0.391304347,194
2002,"Brian Daubach","BOS",29,65,64,31,20,7,0,4,4,18,0,0,0,0,1,0,2,0,0,0.484375,186
2002,"Bryant Nelson","BOS",2,5,5,1,1,0,0,0,0,0,0,0,0,0,0,0,0,0,0,0.2,203
2002,"Cliff Floyd","BOS",9,26,26,11,6,4,0,1,1,5,0,0,0,0,0,0,2,0,0,0.423076923,518
2002,"Benny Agbayani","BOS",6,17,17,5,5,0,0,0,0,4,0,0,0,0,0,0,0,0,0,0.294117647,416
2002,"Shane Andrews","BOS",3,4,4,1,0,1,0,0,0,0,0,0,0,0,0,0,0,0,0,0.25,1588
2002,"Freddy Sanchez","BOS",1,2,2,0,0,0,0,0,0,0,0,0,0,0,0,0,0,0,0,0,1624
2003,"Shea Hillenbrand","BOS",11,36,36,15,13,2,0,0,0,6,0,0,0,0,0,0,4,0,0,0.416666666,196
2003,"Jeremy Giambi","BOS",11,23,23,8,5,2,0,1,1,6,0,0,0,0,0,0,0,0,0,0.347826086,913
2003,"Jason Varitek","BOS",30,71,70,22,12,4,1,5,5,17,0,0,0,0,1,0,1,0,0,0.314285714,217
2003,"Damian Jackson","BOS",9,24,23,10,7,3,0,0,0,2,0,0,0,0,0,1,0,0,0,0.434782608,471
2003,"Gabe Kapler","BOS",14,37,37,10,7,3,0,0,0,4,0,0,0,0,0,0,1,0,0,0.27027027,1256
2003,"Johnny Damon","BOS",33,121,119,42,26,10,2,4,4,11,0,0,0,0,2,0,1,0,0,0.352941176,185
2003,"Nomar Garciaparra","BOS",37,145,142,44,20,13,1,10,10,29,0,0,0,0,3,0,1,0,0,0.309859154,190
2003,"Doug Mirabelli","BOS",15,33,33,15,9,3,0,3,3,6,0,0,0,0,0,0,1,0,0,0.454545454,202
2003,"Trot Nixon","BOS",29,80,78,33,20,5,3,5,5,23,0,0,0,0,1,1,1,0,0,0.423076923,204
2003,"Manny Ramirez","BOS",34,110,110,35,21,6,0,8,8,17,0,0,0,0,0,0,7,0,0,0.318181818,210
2003,"Bill Mueller","BOS",35,111,109,38,22,12,2,2,2,18,0,0,0,0,1,1,4,0,0,0.348623853,295
2003,"Todd Walker","BOS",35,123,122,38,21,11,2,4,4,18,0,0,0,0,1,0,5,0,0,0.311475409,359
2003,"Kevin Millar","BOS",34,93,92,30,18,5,0,7,7,17,0,0,0,0,1,0,2,0,0,0.326086956,529
2003,"David Ortiz","BOS",32,92,92,34,17,7,1,9,9,23,0,0,0,0,0,0,1,0,0,0.369565217,745
2003,"Dave McCarty","BOS",3,6,6,6,3,2,0,1,1,6,0,0,0,0,0,0,0,0,0,1,1462
2003,"Lou Merloni","BOS",4,6,6,2,2,0,0,0,0,0,0,0,0,0,0,0,0,0,0,0.333333333,201
2003,"Andy Abad","BOS",2,5,5,1,1,0,0,0,0,0,0,0,0,0,0,0,0,0,0,0.2,506
2003,"Adrian Brown","BOS",2,5,5,1,1,0,0,0,0,0,0,0,0,0,0,0,0,0,0,0.2,985
2003,"Bill Haselman","BOS",1,1,1,0,0,0,0,0,0,0,0,0,0,0,0,0,0,0,0,0,1254
2004,"Johnny Damon","BOS",33,117,116,39,29,5,1,4,4,24,0,0,0,0,1,0,3,0,0,0.336206896,185
2004,"Brian Daubach","BOS",5,10,10,3,2,1,0,0,0,0,0,0,0,0,0,0,1,0,0,0.3,186
2004,"Manny Ramirez","BOS",35,112,110,40,23,11,0,6,6,21,0,0,0,0,2,0,6,0,0,0.363636363,210
2004,"Jason Varitek","BOS",32,83,82,36,21,10,0,5,5,24,0,0,0,0,1,0,4,0,0,0.43902439,217
2004,"Mark Bellhorn","BOS",26,60,59,25,15,7,0,3,3,18,0,0,0,0,1,0,0,0,0,0.423728813,264
2004,"Bill Mueller","BOS",31,104,102,39,23,10,1,5,5,18,0,0,0,0,2,0,3,0,0,0.382352941,295
2004,"Ellis Burks","BOS",4,8,8,2,2,0,0,0,0,0,0,0,0,0,0,0,0,0,0,0.25,372
2004,"Kevin Millar","BOS",34,103,100,46,25,11,0,10,10,36,0,0,0,0,3,0,2,0,0,0.46,529
2004,"David Ortiz","BOS",38,109,108,45,25,13,2,5,5,28,0,0,0,0,1,0,3,0,0,0.416666666,745
2004,"Pokey Reese","BOS",16,42,41,12,10,2,0,0,0,7,0,0,0,0,0,1,1,0,0,0.292682926,1004
2004,"Gabe Kapler","BOS",20,58,58,20,17,1,0,2,2,10,0,0,0,0,0,0,1,0,0,0.344827586,1256
2004,"Cesar Crespo","BOS",8,24,24,6,5,1,0,0,0,0,0,0,0,0,0,0,0,0,0,0.25,1024
2004,"Dave McCarty","BOS",12,21,21,7,6,1,0,0,0,2,0,0,0,0,0,0,1,0,0,0.333333333,1462
2004,"Kevin Youkilis","BOS",13,33,32,11,8,1,0,2,2,8,0,0,0,0,1,0,0,0,0,0.34375,1935
2004,"Andy Dominique","BOS",1,1,1,0,0,0,0,0,0,0,0,0,0,0,0,0,0,0,0,0,1948
2004,"Nomar Garciaparra","BOS",4,16,16,6,5,1,0,0,0,2,0,0,0,0,0,0,0,0,0,0.375,190
2004,"Doug Mirabelli","BOS",12,23,23,9,2,5,0,2,2,8,0,0,0,0,0,0,1,0,0,0.391304347,202
2004,"Trot Nixon","BOS",12,32,32,18,11,5,0,2,2,9,0,0,0,0,0,0,0,0,0,0.5625,204
2004,"Ricky Gutierrez","BOS",7,12,12,2,1,1,0,0,0,1,0,0,0,0,0,0,0,0,0,0.166666666,387
2004,"Doug Mientkiewicz","BOS",11,26,26,5,3,2,0,0,0,2,0,0,0,0,0,0,2,0,0,0.192307692,741
2004,"Orlando Cabrera","BOS",15,55,51,15,12,2,0,1,1,11,0,0,0,0,4,0,2,0,0,0.294117647,766
2004,"Dave Roberts","BOS",4,8,8,4,2,2,0,0,0,1,0,0,0,0,0,0,1,0,0,0.5,670
2004,"Earl Snyder","BOS",1,3,3,1,1,0,0,0,0,0,0,0,0,0,0,0,1,0,0,0.333333333,1481
2004,"Adam Hyzdu","BOS",1,1,1,0,0,0,0,0,0,0,0,0,0,0,0,0,0,0,0,0,1543
2005,"Johnny Damon","BOS",38,128,124,48,33,12,0,3,3,16,0,0,0,0,4,0,1,0,0,0.387096774,185
2005,"Doug Mirabelli","BOS",11,20,20,8,3,2,0,3,3,8,0,0,0,0,0,0,0,0,0,0.4,202
2005,"Trot Nixon","BOS",30,89,87,21,12,6,0,3,3,17,0,0,0,0,2,0,1,0,0,0.24137931,204
2005,"Manny Ramirez","BOS",36,103,103,38,20,4,0,14,14,39,0,0,0,0,0,0,4,0,0,0.368932038,210
2005,"Mark Bellhorn","BOS",20,41,41,14,7,6,0,1,1,6,0,0,0,0,0,0,2,0,0,0.341463414,264
2005,"Bill Mueller","BOS",35,105,104,26,18,7,0,1,1,10,0,0,0,0,1,0,9,0,0,0.25,295
2005,"Kevin Millar","BOS",30,80,80,27,16,8,0,3,3,11,0,0,0,0,0,0,2,0,0,0.3375,529
2005,"David Ortiz","BOS",37,112,111,42,26,6,0,10,10,36,0,0,0,0,1,0,2,0,0,0.378378378,745
2005,"Jay Payton","BOS",13,23,23,7,5,1,0,1,1,4,0,0,0,0,0,0,0,0,0,0.304347826,890
2005,"Edgar Renteria","BOS",38,126,122,41,25,12,1,3,3,17,0,0,0,0,2,2,3,0,0,0.336065573,1178
2005,"Jason Varitek","BOS",31,88,86,27,18,5,1,3,3,16,0,0,0,0,2,0,0,0,0,0.313953488,217
2005,"Ramon Vazquez","BOS",6,14,14,2,2,0,0,0,0,0,0,0,0,0,0,0,0,0,0,0.142857142,1058
2005,"Dave McCarty","BOS",3,3,3,2,2,0,0,0,0,2,0,0,0,0,0,0,0,0,0,0.666666666,1462
2005,"Kelly Shoppach","BOS",2,2,2,0,0,0,0,0,0,0,0,0,0,0,0,0,0,0,0,0,3867
2005,"John Olerud","BOS",20,47,46,13,7,3,0,3,3,15,0,0,0,0,1,0,0,0,0,0.282608695,1093
2005,"Kevin Youkilis","BOS",4,6,6,1,0,1,0,0,0,0,0,0,0,0,0,0,0,0,0,0.166666666,1935
2005,"Alex Cora","BOS",10,24,24,7,6,1,0,0,0,2,0,0,0,0,0,0,1,0,0,0.291666666,1386
2005,"Adam Stern","BOS",2,2,2,1,1,0,0,0,0,0,0,0,0,0,0,0,0,0,0,0.5,3568
2005,"Tony Graffanino","BOS",9,27,26,8,5,2,0,1,1,3,0,0,0,0,1,0,2,0,0,0.307692307,235
2005,"Adam Hyzdu","BOS",2,5,5,1,0,1,0,0,0,0,0,0,0,0,0,0,0,0,0,0.2,1543
2005,"Gabe Kapler","BOS",5,10,10,4,1,3,0,0,0,0,0,0,0,0,0,0,0,0,0,0.4,1256
2005,"Roberto Petagine","BOS",1,1,1,0,0,0,0,0,0,0,0,0,0,0,0,0,0,0,0,0,8607
2005,"Alejandro Machado","BOS",1,1,1,0,0,0,0,0,0,0,0,0,0,0,0,0,0,0,0,0,2082
2006,"Trot Nixon","BOS",21,62,62,18,15,3,0,0,0,10,0,0,0,0,0,0,2,0,0,0.29032258,204
2006,"Manny Ramirez","BOS",24,71,69,36,22,6,0,8,8,26,0,0,0,0,2,0,4,0,0,0.52173913,210
2006,"Jason Varitek","BOS",19,50,49,12,9,2,0,1,1,9,0,0,0,0,1,0,0,0,0,0.244897959,217
2006,"Wily Mo Pena","BOS",26,67,65,28,21,3,1,3,3,14,0,0,0,0,2,0,0,0,0,0.43076923,344
2006,"Alex Gonzalez","BOS",18,56,50,14,12,1,1,0,0,9,0,0,0,0,3,3,0,0,0,0.28,520
2006,"Mike Lowell","BOS",35,123,122,46,25,16,0,5,5,26,0,0,0,0,1,0,5,0,0,0.37704918,527
2006,"David Ortiz","BOS",31,88,85,30,14,9,0,7,7,29,0,0,0,0,3,0,1,0,0,0.352941176,745
2006,"Mark Loretta","BOS",36,138,136,45,33,11,0,1,1,17,0,0,0,0,1,1,5,0,0,0.330882352,1383
2006,"Kevin Youkilis","BOS",32,108,108,43,26,12,0,5,5,21,0,0,0,0,0,0,2,0,0,0.398148148,1935
2006,"Adam Stern","BOS",3,9,9,1,0,1,0,0,0,2,0,0,0,0,0,0,0,0,0,0.111111111,3568
2006,"Dustan Mohr","BOS",6,11,11,3,1,0,0,2,2,3,0,0,0,0,0,0,0,0,0,0.272727272,744
2006,"Alex Cora","BOS",18,57,57,17,14,1,1,1,1,5,0,0,0,0,0,0,0,0,0,0.298245614,1386
2006,"J.T. Snow","BOS",3,6,6,1,1,0,0,0,0,0,0,0,0,0,0,0,1,0,0,0.166666666,1133
2006,"Willie Harris","BOS",5,13,12,4,3,1,0,0,0,1,0,0,0,0,1,0,0,0,0,0.333333333,236
2006,"Josh Bard","BOS",1,2,2,0,0,0,0,0,0,0,0,0,0,0,0,0,0,0,0,0,1578
2006,"Doug Mirabelli","BOS",11,30,30,9,6,1,0,2,2,8,0,0,0,0,0,0,0,0,0,0.3,202
2006,"Javy Lopez","BOS",6,20,20,4,3,1,0,0,0,1,0,0,0,0,0,0,2,0,0,0.2,103
2006,"Gabe Kapler","BOS",10,24,24,6,5,1,0,0,0,4,0,0,0,0,0,0,3,0,0,0.25,1256
2006,"Eric Hinske","BOS",9,18,18,10,4,5,0,1,1,2,0,0,0,0,0,0,1,0,0,0.555555555,1305
2006,"Coco Crisp","BOS",12,47,46,10,9,0,0,1,1,3,0,0,0,0,0,1,1,0,0,0.217391304,1572
2006,"Carlos Pena","BOS",4,10,10,4,3,1,0,0,0,1,0,0,0,0,0,0,0,0,0,0.4,934
2006,"Dustin Pedroia","BOS",6,19,19,2,1,1,0,0,0,0,0,0,0,0,0,0,0,0,0,0.105263157,8370
2006,"David Murphy","BOS",2,3,3,2,2,0,0,0,0,0,0,0,0,0,0,0,0,0,0,0.666666666,6035
2006,"Ken Huckaby","BOS",1,1,1,0,0,0,0,0,0,0,0,0,0,0,0,0,0,0,0,0,1306
2007,"Manny Ramirez","BOS",23,72,70,26,18,6,0,2,2,14,0,0,0,0,2,0,5,0,0,0.371428571,210
2007,"Jason Varitek","BOS",25,64,63,25,15,4,0,6,6,18,0,0,0,0,1,0,3,0,0,0.396825396,217
2007,"Mike Lowell","BOS",34,112,110,56,42,4,1,9,9,36,0,0,0,0,2,0,2,0,0,0.509090909,527
2007,"Julio Lugo","BOS",34,123,121,42,33,9,0,0,0,19,0,0,0,0,1,1,3,0,0,0.347107438,565
2007,"David Ortiz","BOS",35,115,114,46,22,16,0,8,8,32,0,0,0,0,1,0,7,0,0,0.403508771,745
2007,"J.D. Drew","BOS",27,75,73,24,15,7,0,2,2,9,0,0,0,0,2,0,2,0,0,0.328767123,1152
2007,"Alex Cora","BOS",15,36,32,10,8,2,0,0,0,5,0,0,0,0,0,4,0,0,0,0.3125,1386
2007,"Coco Crisp","BOS",29,102,96,35,24,7,3,1,1,16,0,0,0,0,1,5,2,0,0,0.364583333,1572
2007,"Kevin Youkilis","BOS",31,85,84,25,16,6,1,2,2,17,0,0,0,0,1,0,0,0,0,0.297619047,1935
2007,"Dustin Pedroia","BOS",31,112,110,43,30,12,0,1,1,18,0,0,0,0,2,0,1,0,0,0.39090909,8370
2007,"Doug Mirabelli","BOS",7,18,18,8,6,1,0,1,1,4,0,0,0,0,0,0,0,0,0,0.444444444,202
2007,"Wily Mo Pena","BOS",12,23,23,5,4,1,0,0,0,1,0,0,0,0,0,0,2,0,0,0.217391304,344
2007,"Eric Hinske","BOS",15,35,35,11,4,4,0,3,3,8,0,0,0,0,0,0,1,0,0,0.314285714,1305
2007,"Jacoby Ellsbury","BOS",12,37,36,19,12,3,1,3,3,13,0,0,0,0,1,0,1,0,0,0.527777777,4727
2007,"Bobby Kielty","BOS",4,9,9,4,3,1,0,0,0,0,0,0,0,0,0,0,1,0,0,0.444444444,736
2007,"Kevin Cash","BOS",3,8,7,1,1,0,0,0,0,3,0,0,0,0,1,0,1,0,0,0.142857142,1593
2007,"Brandon Moss","BOS",3,7,7,2,1,1,0,0,0,0,0,0,0,0,0,0,0,0,0,0.285714285,4467
2008,"Manny Ramirez","BOS",19,54,54,23,15,4,0,4,4,18,0,0,0,0,0,0,4,0,0,0.425925925,210
2008,"Jason Varitek","BOS",27,66,66,20,15,3,0,2,2,10,0,0,0,0,0,0,6,0,0,0.303030303,217
2008,"Sean Casey","BOS",11,37,37,11,8,3,0,0,0,3,0,0,0,0,0,0,1,0,0,0.297297297,314
2008,"Julio Lugo","BOS",15,37,37,9,5,4,0,0,0,4,0,0,0,0,0,0,1,0,0,0.243243243,565
2008,"David Ortiz","BOS",23,70,68,22,12,7,1,2,2,17,0,0,0,0,1,1,2,0,0,0.323529411,745
2008,"J.D. Drew","BOS",19,48,48,17,4,7,0,6,6,13,0,0,0,0,0,0,2,0,0,0.354166666,1152
2008,"Coco Crisp","BOS",24,76,74,27,24,3,0,0,0,6,0,0,0,0,1,1,1,0,0,0.364864864,1572
2008,"Kevin Youkilis","BOS",32,92,87,28,18,5,0,5,5,27,0,0,0,0,5,0,2,0,0,0.32183908,1935
2008,"Dustin Pedroia","BOS",34,124,120,39,22,13,0,4,4,21,0,0,0,0,3,1,5,0,0,0.325,8370
2008,"Jacoby Ellsbury","BOS",27,97,94,30,24,5,0,1,1,9,0,0,0,0,2,1,4,0,0,0.319148936,4727
2008,"Mike Lowell","BOS",26,72,72,19,10,5,0,4,4,11,0,0,0,0,0,0,2,0,0,0.263888888,527
2008,"Brandon Moss","BOS",6,13,13,7,4,2,0,1,1,2,0,0,0,0,0,0,0,0,0,0.538461538,4467
2008,"Jed Lowrie","BOS",18,41,38,13,5,7,1,0,0,9,0,0,0,0,3,0,1,0,0,0.342105263,4418
2008,"Chris Carter","BOS",6,10,10,5,5,0,0,0,0,2,0,0,0,0,0,0,0,0,0,0.5,7707
2008,"Alex Cora","BOS",12,35,34,14,13,0,1,0,0,1,0,0,0,0,0,1,2,0,0,0.411764705,1386
2008,"Kevin Cash","BOS",9,17,16,5,4,0,0,1,1,4,0,0,0,0,1,0,0,0,0,0.3125,1593
2008,"Jeff Bailey","BOS",6,11,11,5,3,1,0,1,1,1,0,0,0,0,0,0,2,0,0,0.454545454,2394
2008,"Mark Kotsay","BOS",9,27,27,8,5,2,1,0,0,3,0,0,0,0,0,0,0,0,0,0.296296296,1042
2008,"David Ross","BOS",3,4,3,0,0,0,0,0,0,0,0,0,0,0,0,1,0,0,0,0,1551
2008,"Jason Bay","BOS",11,24,24,10,5,3,0,2,2,3,0,0,0,0,0,0,1,0,0,0.416666666,1717
2008,"Jonathan Van Every","BOS",5,10,10,3,2,0,1,0,0,5,0,0,0,0,0,0,0,0,0,0.3,3409
2008,"George Kottaras","BOS",2,3,3,1,0,1,0,0,0,0,0,0,0,0,0,0,0,0,0,0.333333333,5506
2008,"Gil Velazquez","BOS",2,8,8,1,1,0,0,0,0,1,0,0,0,0,0,0,0,0,0,0.125,2070
2009,"Jason Varitek","BOS",26,72,71,19,7,5,0,7,7,18,0,0,0,0,1,0,0,0,0,0.267605633,217
2009,"Mike Lowell","BOS",26,84,83,34,17,13,0,4,4,22,0,0,0,0,1,0,3,0,0,0.409638554,527
2009,"David Ortiz","BOS",34,91,88,36,18,10,1,7,7,24,0,0,0,0,3,0,2,0,0,0.409090909,745
2009,"J.D. Drew","BOS",28,69,69,26,12,8,2,4,4,18,0,0,0,0,0,0,4,0,0,0.376811594,1152
2009,"Jason Bay","BOS",32,82,81,34,17,8,2,7,7,28,0,0,0,0,1,0,0,0,0,0.419753086,1717
2009,"Kevin Youkilis","BOS",28,78,77,43,24,10,0,9,9,26,0,0,0,0,1,0,2,0,0,0.558441558,1935
2009,"Jed Lowrie","BOS",6,14,12,1,1,0,0,0,0,2,0,0,0,0,2,0,0,0,0,0.083333333,4418
2009,"Jacoby Ellsbury","BOS",32,118,117,41,27,12,1,1,1,10,0,0,0,0,0,1,2,0,0,0.35042735,4727
2009,"Dustin Pedroia","BOS",35,129,129,49,30,15,0,4,4,18,0,0,0,0,0,0,2,0,0,0.379844961,8370
2009,"Rocco Baldelli","BOS",12,28,27,10,6,1,1,2,2,5,0,0,0,0,1,0,0,0,0,0.37037037,1656
2009,"Nick Green","BOS",15,40,40,14,10,3,0,1,1,6,0,0,0,0,0,0,2,0,0,0.35,1502
2009,"George Kottaras","BOS",6,12,11,2,0,2,0,0,0,2,0,0,0,0,1,0,0,0,0,0.181818181,5506
2009,"Chris Carter","BOS",1,1,0,0,0,0,0,0,0,1,0,0,0,0,1,0,0,0,0,0,7707
2009,"Julio Lugo","BOS",6,18,18,4,2,1,0,1,1,1,0,0,0,0,0,0,0,0,0,0.222222222,565
2009,"Jeff Bailey","BOS",4,7,7,4,2,1,1,0,0,1,0,0,0,0,0,0,1,0,0,0.571428571,2394
2009,"Mark Kotsay","BOS",2,6,6,2,2,0,0,0,0,0,0,0,0,0,0,0,0,0,0,0.333333333,1042
2009,"Adam LaRoche","BOS",2,8,8,3,2,0,0,1,1,2,0,0,0,0,0,0,0,0,0,0.375,1904
2009,"Victor Martinez","BOS",13,37,36,15,11,4,0,0,0,9,0,0,0,0,1,0,1,0,0,0.416666666,393
2009,"Alex Gonzalez","BOS",13,34,32,10,5,3,0,2,2,7,0,0,0,0,0,2,2,0,0,0.3125,520
2009,"Casey Kotchman","BOS",9,21,21,4,3,1,0,0,0,2,0,0,0,0,0,0,1,0,0,0.19047619,1930
2009,"Josh Reddick","BOS",3,6,6,2,2,0,0,0,0,0,0,0,0,0,0,0,0,0,0,0.333333333,3892
2009,"Brian Anderson","BOS",2,2,2,0,0,0,0,0,0,0,0,0,0,0,0,0,1,0,0,0,6144
2009,"Dusty Brown","BOS",1,1,1,0,0,0,0,0,0,0,0,0,0,0,0,0,0,0,0,0,3420
2009,"Chris Woodward","BOS",1,1,1,0,0,0,0,0,0,0,0,0,0,0,0,0,0,0,0,0,1329
2009,"Joey Gathright","BOS",1,4,4,2,2,0,0,0,0,0,0,0,0,0,0,0,1,0,0,0.5,3913
2010,"Victor Martinez","BOS",28,101,101,34,23,4,1,6,6,25,0,0,0,0,0,0,6,0,0,0.336633663,393
2010,"Adrian Beltre","BOS",30,94,92,29,16,11,0,2,2,14,0,0,0,0,2,0,5,0,0,0.315217391,639
2010,"David Ortiz","BOS",30,82,81,29,14,9,1,5,5,24,0,0,0,0,1,0,3,0,0,0.358024691,745
2010,"Mike Cameron","BOS",9,20,20,8,4,4,0,0,0,1,0,0,0,0,0,0,1,0,0,0.4,1070
2010,"J.D. Drew","BOS",30,83,80,30,21,5,0,4,4,14,0,0,0,0,3,0,2,0,0,0.375,1152
2010,"Marco Scutaro","BOS",30,105,104,31,22,5,0,4,4,8,0,0,0,0,0,1,3,0,0,0.298076923,1555
2010,"Kevin Youkilis","BOS",21,63,61,20,10,5,1,4,4,15,0,0,0,0,2,0,1,0,0,0.327868852,1935
2010,"Jacoby Ellsbury","BOS",3,11,11,3,2,1,0,0,0,0,0,0,0,0,0,0,0,0,0,0.272727272,4727
2010,"Dustin Pedroia","BOS",16,57,55,16,7,7,0,2,2,7,0,0,0,0,1,1,1,0,0,0.29090909,8370
2010,"Jason Varitek","BOS",10,24,23,9,5,1,0,3,3,5,0,0,0,0,1,0,0,0,0,0.391304347,217
2010,"Bill Hall","BOS",25,55,55,16,11,3,0,2,2,7,0,0,0,0,0,0,1,0,0,0.29090909,1605
2010,"Jeremy Hermida","BOS",11,23,23,7,5,0,0,2,2,5,0,0,0,0,0,0,0,0,0,0.304347826,7208
2010,"Mike Lowell","BOS",15,39,39,10,8,2,0,0,0,4,0,0,0,0,0,0,5,0,0,0.256410256,527
2010,"Darnell McDonald","BOS",21,44,43,15,10,3,0,2,2,3,0,0,0,0,0,1,1,0,0,0.348837209,1867
2010,"Josh Reddick","BOS",6,15,15,5,3,1,0,1,1,1,0,0,0,0,0,0,1,0,0,0.333333333,3892
2010,"Jonathan Van Every","BOS",3,4,4,1,1,0,0,0,0,0,0,0,0,0,0,0,0,0,0,0.25,3409
2010,"Daniel Nava","BOS",12,24,24,11,7,4,0,0,0,8,0,0,0,0,0,0,1,0,0,0.458333333,5450
2010,"Gustavo Molina","BOS",2,3,3,0,0,0,0,0,0,0,0,0,0,0,0,0,0,0,0,0,2861
2010,"Eric Patterson","BOS",7,15,15,4,4,0,0,0,0,1,0,0,0,0,0,0,1,0,0,0.266666666,9072
2010,"Kevin Cash","BOS",3,9,8,1,1,0,0,0,0,0,0,0,0,0,0,1,0,0,0,0.125,1593
2010,"Dusty Brown","BOS",1,1,1,1,0,1,0,0,0,2,0,0,0,0,0,0,0,0,0,1,3420
2010,"Jed Lowrie","BOS",13,37,37,12,6,3,0,3,3,6,0,0,0,0,0,0,1,0,0,0.324324324,4418
2010,"Yamaico Navarro","BOS",9,16,14,5,5,0,0,0,0,4,0,0,0,0,2,0,0,0,0,0.357142857,5665
2010,"Ryan Kalish","BOS",14,32,32,11,6,4,0,1,1,6,0,0,0,0,0,0,2,0,0,0.34375,6962
2010,"Lars Anderson","BOS",5,12,11,4,4,0,0,0,0,3,0,0,0,0,1,0,0,0,0,0.363636363,9018
2010,"Jarrod Saltalamacchia","BOS",2,3,3,1,0,1,0,0,0,1,0,0,0,0,0,0,0,0,0,0.333333333,5557
2010,"Felipe Lopez","BOS",2,8,8,4,3,0,0,1,1,1,0,0,0,0,0,0,0,0,0,0.5,1311
2011,"David Ortiz","BOS",30,85,84,31,17,9,1,4,4,17,0,0,0,0,1,0,6,0,0,0.369047619,745
2011,"J.D. Drew","BOS",15,38,37,13,11,1,1,0,0,5,0,0,0,0,1,0,0,0,0,0.351351351,1152
2011,"Carl Crawford","BOS",25,84,84,28,18,8,1,1,1,5,0,0,0,0,0,0,1,0,0,0.333333333,1201
2011,"Marco Scutaro","BOS",28,93,89,29,20,8,0,1,1,13,0,0,0,0,1,3,2,0,0,0.325842696,1555
2011,"Adrian Gonzalez","BOS",34,102,102,36,24,8,1,3,3,17,0,0,0,0,0,0,2,0,0,0.352941176,1908
2011,"Jacoby Ellsbury","BOS",34,124,121,47,23,9,4,11,11,35,0,0,0,0,2,1,1,0,0,0.388429752,4727
2011,"Jarrod Saltalamacchia","BOS",22,52,52,14,9,2,2,1,1,12,0,0,0,0,0,0,1,0,0,0.269230769,5557
2011,"Dustin Pedroia","BOS",36,126,123,48,26,12,1,9,9,29,0,0,0,0,3,0,2,0,0,0.390243902,8370
2011,"Kevin Youkilis","BOS",23,61,61,24,9,11,0,4,4,14,0,0,0,0,0,0,3,0,0,0.393442622,1935
2011,"Jed Lowrie","BOS",18,50,50,24,16,4,1,3,3,15,0,0,0,0,0,0,1,0,0,0.48,4418
2011,"Jason Varitek","BOS",14,38,37,9,3,4,0,2,2,9,0,0,0,0,0,1,1,0,0,0.243243243,217
2011,"Mike Cameron","BOS",3,9,8,3,3,0,0,0,0,1,0,0,0,0,0,1,0,0,0,0.375,1070
2011,"Darnell McDonald","BOS",13,34,34,13,9,2,0,2,2,8,0,0,0,0,0,0,0,0,0,0.382352941,1867
2011,"Yamaico Navarro","BOS",4,11,11,2,1,1,0,0,0,1,0,0,0,0,0,0,0,0,0,0.181818181,5665
2011,"Josh Reddick","BOS",20,51,50,13,8,3,1,1,1,6,0,0,0,0,1,0,1,0,0,0.26,3892
2011,"Mike Aviles","BOS",13,32,32,12,7,3,0,2,2,6,0,0,0,0,0,0,2,0,0,0.375,5986
2011,"Conor Jackson","BOS",6,10,9,2,1,0,0,1,1,5,0,0,0,0,1,0,0,0,0,0.222222222,5997
2011,"Ryan Lavarnway","BOS",2,4,4,0,0,0,0,0,0,1,0,0,0,0,0,0,0,0,0,0,8879
2011,"Lars Anderson","BOS",1,1,1,0,0,0,0,0,0,0,0,0,0,0,0,0,0,0,0,0,9018
2011,"Jose Iglesias","BOS",2,2,2,2,2,0,0,0,0,0,0,0,0,0,0,0,0,0,0,1,10231
2012,"David Ortiz","BOS",22,67,67,31,17,9,0,5,5,17,0,0,0,0,0,0,2,0,0,0.462686567,745
2012,"Cody Ross","BOS",29,79,77,27,13,9,1,4,4,15,0,0,0,0,2,0,3,0,0,0.35064935,1760
2012,"Darnell McDonald","BOS",11,28,26,6,2,4,0,0,0,2,0,0,0,0,1,1,1,0,0,0.23076923,1867
2012,"Adrian Gonzalez","BOS",24,93,93,36,24,10,0,2,2,17,0,0,0,0,0,0,3,0,0,0.387096774,1908
2012,"Kevin Youkilis","BOS",11,31,30,11,9,2,0,0,0,5,0,0,0,0,1,0,0,0,0,0.366666666,1935
2012,"Kelly Shoppach","BOS",8,20,18,10,4,6,0,0,0,3,0,0,0,0,0,2,1,0,0,0.555555555,3867
2012,"Jacoby Ellsbury","BOS",9,31,31,13,9,2,0,2,2,6,0,0,0,0,0,0,0,0,0,0.419354838,4727
2012,"Mike Aviles","BOS",30,108,104,30,19,9,0,2,2,15,0,0,0,0,3,1,2,0,0,0.288461538,5986
2012,"Ryan Sweeney","BOS",13,42,41,12,6,5,1,0,0,6,0,0,0,0,1,0,0,0,0,0.292682926,6352
2012,"Dustin Pedroia","BOS",31,111,110,37,25,7,1,4,4,14,0,0,0,0,1,0,2,0,0,0.336363636,8370
2012,"Jarrod Saltalamacchia","BOS",25,64,63,21,6,7,1,7,7,15,0,0,0,0,1,0,1,0,0,0.333333333,5557
2012,"Jason Repko","BOS",2,4,4,0,0,0,0,0,0,0,0,0,0,0,0,0,0,0,0,0,2628
2012,"Nick Punto","BOS",10,22,20,6,4,2,0,0,0,2,0,0,0,0,1,1,2,0,0,0.3,1429
2012,"Nate Spears","BOS",1,1,1,0,0,0,0,0,0,0,0,0,0,0,0,0,0,0,0,0,6026
2012,"Marlon Byrd","BOS",6,16,16,3,3,0,0,0,0,1,0,0,0,0,0,0,0,0,0,0.1875,950
2012,"Will Middlebrooks","BOS",11,40,39,11,8,2,0,1,1,7,0,0,0,0,1,0,1,0,0,0.282051282,7002
2012,"Scott Podsednik","BOS",15,42,37,15,13,2,0,0,0,3,0,0,0,0,1,4,0,0,0,0.405405405,1095
2012,"Brent Lillibridge","BOS",2,5,5,1,1,0,0,0,0,0,0,0,0,0,0,0,0,0,0,0.2,3501
2012,"Pedro Ciriaco","BOS",16,53,52,17,12,5,0,0,0,6,0,0,0,0,0,1,2,0,0,0.326923076,5278
2012,"Mauro Gomez","BOS",11,26,26,12,9,2,0,1,1,7,0,0,0,0,0,0,1,0,0,0.461538461,5342
2012,"Daniel Nava","BOS",22,57,57,16,11,5,0,0,0,3,0,0,0,0,0,0,3,0,0,0.280701754,5450
2012,"Ryan Kalish","BOS",8,19,18,7,6,1,0,0,0,2,0,0,0,0,1,0,2,0,0,0.388888888,6962
2012,"Carl Crawford","BOS",2,5,5,1,1,0,0,0,0,0,0,0,0,0,0,0,0,0,0,0.2,1201
2012,"James Loney","BOS",8,26,25,5,4,1,0,0,0,2,0,0,0,0,1,0,2,0,0,0.2,4556
2012,"Ryan Lavarnway","BOS",10,20,20,3,2,1,0,0,0,2,0,0,0,0,0,0,0,0,0,0.15,8879
2012,"Jose Iglesias","BOS",6,12,12,2,2,0,0,0,0,0,0,0,0,0,0,0,0,0,0,0.166666666,10231
2012,"Danny Valencia","BOS",3,9,9,2,1,0,0,1,1,3,0,0,0,0,0,0,0,0,0,0.222222222,6364
2012,"Che-Hsuan Lin","BOS",1,2,2,0,0,0,0,0,0,0,0,0,0,0,0,0,0,0,0,0,3734
2013,"David Ross","BOS",6,11,11,3,2,0,0,1,1,2,0,0,0,0,0,0,1,0,0,0.272727272,1551
2013,"Shane Victorino","BOS",33,112,108,38,28,6,1,3,3,18,0,0,0,0,1,3,3,0,0,0.351851851,1677
2013,"Jonny Gomes","BOS",25,50,48,16,9,4,0,3,3,16,0,0,0,0,2,0,3,0,0,0.333333333,1845
2013,"Mike Napoli","BOS",28,66,66,25,11,7,0,7,7,15,0,0,0,0,0,0,4,0,0,0.378787878,3057
2013,"Jacoby Ellsbury","BOS",27,104,104,35,26,4,4,1,1,8,0,0,0,0,0,0,3,0,0,0.336538461,4727
2013,"Daniel Nava","BOS",31,83,78,29,17,9,0,3,3,12,0,0,0,0,2,3,3,0,0,0.371794871,5450
2013,"Will Middlebrooks","BOS",22,54,53,17,11,5,0,1,1,5,0,0,0,0,1,0,1,0,0,0.320754716,7002
2013,"Mike Carp","BOS",14,32,32,10,7,3,0,0,0,5,0,0,0,0,0,0,0,0,0,0.3125,7480
2013,"Dustin Pedroia","BOS",37,128,126,40,28,9,1,2,2,17,0,0,0,0,2,0,5,0,0,0.317460317,8370
2013,"Jose Iglesias","BOS",13,37,37,9,9,0,0,0,0,4,0,0,0,0,0,0,0,0,0,0.243243243,10231
2013,"Stephen Drew","BOS",31,75,74,22,10,9,2,1,1,12,0,0,0,0,1,0,1,0,0,0.297297297,4251
2013,"Jarrod Saltalamacchia","BOS",29,68,68,31,16,12,0,3,3,13,0,0,0,0,0,0,4,0,0,0.455882352,5557
2013,"Jackie Bradley Jr.","BOS",10,17,17,5,3,1,0,1,1,3,0,0,0,0,0,0,0,0,0,0.294117647,12984
2013,"Pedro Ciriaco","BOS",1,2,2,1,0,0,0,1,1,1,0,0,0,0,0,0,0,0,0,0.5,5278
2013,"David Ortiz","BOS",30,91,90,34,20,11,0,3,3,14,0,0,0,0,1,0,4,0,0,0.377777777,745
2013,"Brandon Snyder","BOS",6,13,13,3,1,1,0,1,1,3,0,0,0,0,0,0,0,0,0,0.23076923,9856
2013,"Jonathan Diaz","BOS",1,3,3,0,0,0,0,0,0,0,0,0,0,0,0,0,0,0,0,0,4142
2013,"Ryan Lavarnway","BOS",4,10,10,3,1,2,0,0,0,2,0,0,0,0,0,0,1,0,0,0.3,8879
2013,"Brock Holt","BOS",1,1,1,0,0,0,0,0,0,0,0,0,0,0,0,0,0,0,0,0,9345
2013,"Xander Bogaerts","BOS",5,11,10,2,1,1,0,0,0,1,0,0,0,0,1,0,0,0,0,0.2,12161
2013,"John McDonald","BOS",1,1,1,0,0,0,0,0,0,0,0,0,0,0,0,0,0,0,0,0,395
2014,"A.J. Pierzynski","BOS",13,44,43,15,12,2,1,0,0,5,0,0,0,0,0,1,0,0,0,0.348837209,746
2014,"Grady Sizemore","BOS",9,23,23,5,4,0,1,0,0,1,0,0,0,0,0,0,1,0,0,0.217391304,2197
2014,"Mike Napoli","BOS",23,58,58,20,12,5,0,3,3,10,0,0,0,0,0,0,3,0,0,0.344827586,3057
2014,"Daniel Nava","BOS",22,58,57,20,14,6,0,0,0,13,0,0,0,0,1,0,0,0,0,0.350877192,5450
2014,"Mike Carp","BOS",11,27,26,5,2,3,0,0,0,2,0,0,0,0,1,0,2,0,0,0.192307692,7480
2014,"Dustin Pedroia","BOS",28,102,101,35,24,10,0,1,1,11,0,0,0,0,1,0,5,0,0,0.346534653,8370
2014,"Brock Holt","BOS",23,73,70,29,18,8,2,1,1,10,0,0,0,0,1,2,0,0,0,0.414285714,9345
2014,"Xander Bogaerts","BOS",33,98,97,41,25,12,0,4,4,16,0,0,0,0,1,0,3,0,0,0.422680412,12161
2014,"Jackie Bradley Jr.","BOS",22,53,53,12,6,5,0,1,1,6,0,0,0,0,0,0,1,0,0,0.226415094,12984
2014,"David Ortiz","BOS",28,78,75,24,16,5,0,3,3,16,0,0,0,0,3,0,4,0,0,0.32,745
2014,"David Ross","BOS",10,24,23,3,1,0,0,2,2,3,0,0,0,0,0,1,0,0,0,0.130434782,1551
2014,"Jonathan Herrera","BOS",5,11,9,4,4,0,0,0,0,4,0,0,0,0,1,1,0,0,0,0.444444444,4182
2014,"Jonny Gomes","BOS",15,37,36,12,6,4,0,2,2,9,0,0,0,0,1,0,0,0,0,0.333333333,1845
2014,"Shane Victorino","BOS",9,31,30,10,5,4,0,1,1,3,0,0,0,0,1,0,0,0,0,0.333333333,1677
2014,"Will Middlebrooks","BOS",8,15,15,6,4,2,0,0,0,3,0,0,0,0,0,0,0,0,0,0.4,7002
2014,"Alex Hassan","BOS",1,2,2,1,1,0,0,0,0,0,0,0,0,0,0,0,0,0,0,0.5,9959
2014,"Garin Cecchini","BOS",7,16,16,6,2,3,0,1,1,4,0,0,0,0,0,0,0,0,0,0.375,11608
2014,"Stephen Drew","BOS",6,15,15,5,1,2,0,2,2,3,0,0,0,0,0,0,0,0,0,0.333333333,4251
2014,"Mookie Betts","BOS",14,43,43,17,11,5,1,0,0,4,0,0,0,0,0,0,0,0,0,0.395348837,13611
2014,"Christian Vazquez","BOS",13,31,30,14,10,3,0,1,1,8,0,0,0,0,1,0,1,0,0,0.466666666,9774
2014,"Allen Craig","BOS",10,23,23,5,4,1,0,0,0,0,0,0,0,0,0,0,2,0,0,0.217391304,3433
2014,"Yoenis Cespedes","BOS",14,42,42,15,12,3,0,0,0,6,0,0,0,0,0,0,1,0,0,0.357142857,13110
2014,"Carlos Rivero","BOS",3,7,7,4,1,2,0,1,1,3,0,0,0,0,0,0,0,0,0,0.571428571,1136
2014,"Jemile Weeks","BOS",4,13,12,2,2,0,0,0,0,1,0,0,0,0,1,0,0,0,0,0.166666666,2498
2014,"Dan Butler","BOS",3,7,7,4,1,3,0,0,0,2,0,0,0,0,0,0,0,0,0,0.571428571,9968
2014,"Rusney Castillo","BOS",6,16,16,8,5,1,0,2,2,5,0,0,0,0,0,0,0,0,0,0.5,17016
2014,"Ryan Lavarnway","BOS",3,3,3,0,0,0,0,0,0,0,0,0,0,0,0,0,0,0,0,0,8879
2014,"Bryce Brentz","BOS",4,12,12,6,5,1,0,0,0,2,0,0,0,0,0,0,0,0,0,0.5,10607
2015,"Shane Victorino","BOS",4,9,9,2,2,0,0,0,0,1,0,0,0,0,0,0,0,0,0,0.222222222,1677
2015,"David Ortiz","BOS",35,103,101,34,14,14,0,6,6,26,0,0,0,0,2,0,4,0,0,0.336633663,745
2015,"Daniel Nava","BOS",7,14,13,0,0,0,0,0,0,0,0,0,0,0,0,1,2,0,0,0,5450
2015,"Mike Napoli","BOS",19,51,51,12,8,2,0,2,2,6,0,0,0,0,0,0,3,0,0,0.235294117,3057
2015,"Sandy Leon","BOS",10,21,19,3,2,1,0,0,0,0,0,0,0,0,0,2,0,0,0,0.157894736,5273
2015,"Ryan Hanigan","BOS",13,34,33,14,10,3,0,1,1,6,0,0,0,0,0,1,0,0,0,0.424242424,4952
2015,"Allen Craig","BOS",8,11,11,5,4,0,0,1,1,2,0,0,0,0,0,0,1,0,0,0.454545454,3433
2015,"Pablo Sandoval","BOS",27,90,88,30,22,5,1,2,2,15,0,0,0,0,1,1,3,0,0,0.34090909,5409
2015,"Luis Jimenez","BOS",1,1,1,0,0,0,0,0,0,0,0,0,0,0,0,0,0,0,0,0,6341
2015,"Hanley Ramirez","BOS",19,60,58,21,15,2,0,4,4,15,0,0,0,0,2,0,1,0,0,0.362068965,8001
2015,"Jeff Bianchi","BOS",1,2,2,0,0,0,0,0,0,0,0,0,0,0,0,0,0,0,0,0,9958
2015,"Dustin Pedroia","BOS",24,78,76,26,20,4,0,2,2,11,0,0,0,0,1,1,1,0,0,0.342105263,8370
2015,"Josh Rutledge","BOS",4,9,9,4,3,1,0,0,0,2,0,0,0,0,0,0,0,0,0,0.444444444,11167
2015,"Xander Bogaerts","BOS",38,118,118,45,31,11,1,2,2,22,0,0,0,0,0,0,3,0,0,0.381355932,12161
2015,"Deven Marrero","BOS",4,6,6,1,1,0,0,0,0,0,0,0,0,0,0,0,0,0,0,0.166666666,13325
2015,"Mookie Betts","BOS",32,108,106,42,22,12,1,7,7,20,0,0,0,0,2,0,0,0,0,0.396226415,13611
2016,"Marco Hernandez","BOS",2,3,3,1,1,0,0,0,0,0,0,0,0,0,0,0,0,0,0,0.333333333,13154
2015,"Brock Holt","BOS",32,86,85,23,19,3,1,0,0,6,0,0,0,0,1,0,1,0,0,0.270588235,9345
2016,"Chris Young","BOS",20,40,40,14,8,4,0,2,2,7,0,0,0,0,0,0,1,0,0,0.35,3882
2015,"Blake Swihart","BOS",18,39,38,15,11,3,0,1,1,6,0,0,0,0,0,1,0,0,0,0.394736842,13176
2016,"Josh Rutledge","BOS",2,3,3,2,0,2,0,0,0,1,0,0,0,0,0,0,0,0,0,0.666666666,11167
2015,"Alejandro De Aza","BOS",9,26,25,10,8,1,0,1,1,6,0,0,0,0,1,0,1,0,0,0.4,3371
2016,"Ryan Hanigan","BOS",5,8,8,1,1,0,0,0,0,0,0,0,0,0,0,0,2,0,0,0.125,4952
2015,"Rusney Castillo","BOS",17,56,54,16,12,4,0,0,0,5,0,0,0,0,1,1,2,0,0,0.296296296,17016
2016,"Blake Swihart","BOS",4,12,12,5,5,0,0,0,0,1,0,0,0,0,0,0,0,0,0,0.416666666,13176
2015,"Travis Shaw","BOS",18,47,46,17,9,4,0,4,4,10,0,0,0,0,1,0,1,0,0,0.369565217,11982
2016,"Rusney Castillo","BOS",1,1,1,0,0,0,0,0,0,0,0,0,0,0,0,0,0,0,0,0,17016
2015,"Jackie Bradley Jr.","BOS",16,42,42,14,9,4,0,1,1,5,0,0,0,0,0,0,2,0,0,0.333333333,12984
2016,"Aaron Hill","BOS",8,24,24,6,6,0,0,0,0,3,0,0,0,0,0,0,0,0,0,0.25,6104
2016,"David Ortiz","BOS",36,105,103,39,15,15,0,9,9,30,0,0,0,0,2,0,1,0,0,0.378640776,745
2016,"Bryce Brentz","BOS",3,7,7,2,2,0,0,0,0,1,0,0,0,0,0,0,0,0,0,0.285714285,10607
2016,"Hanley Ramirez","BOS",36,102,101,35,20,6,0,9,9,31,0,0,0,0,1,0,5,0,0,0.346534653,8001
2016,"Andrew Benintendi","BOS",8,21,21,8,4,4,0,0,0,2,0,0,0,0,0,0,0,0,0,0.38095238,17901
2016,"Dustin Pedroia","BOS",36,136,136,43,31,11,0,1,1,9,0,0,0,0,0,0,6,0,0,0.31617647,8370
2016,"Bryan Holaday","BOS",2,4,4,2,1,1,0,0,0,0,0,0,0,0,0,0,0,0,0,0.5,11287
2016,"Brock Holt","BOS",20,48,48,15,13,2,0,0,0,5,0,0,0,0,0,0,1,0,0,0.3125,9345
2017,"Pablo Sandoval","BOS",5,17,16,3,1,0,0,2,2,5,0,0,0,0,1,0,1,0,0,0.1875,5409
2016,"Christian Vazquez","BOS",13,31,31,6,4,1,0,1,1,2,0,0,0,0,0,0,1,0,0,0.193548387,9774
2017,"Marco Hernandez","BOS",6,9,9,3,2,1,0,0,0,0,0,0,0,0,0,0,0,0,0,0.333333333,13154
2016,"Travis Shaw","BOS",31,86,85,31,19,10,0,2,2,13,0,0,0,0,1,0,2,0,0,0.364705882,11982
2017,"Josh Rutledge","BOS",4,12,12,4,4,0,0,0,0,2,0,0,0,0,0,0,0,0,0,0.333333333,11167
2016,"Xander Bogaerts","BOS",36,117,116,37,22,9,1,5,5,20,0,0,0,0,1,0,4,0,0,0.318965517,12161
2017,"Deven Marrero","BOS",9,17,17,5,3,2,0,0,0,4,0,0,0,0,0,0,0,0,0,0.294117647,13325
2016,"Jackie Bradley Jr.","BOS",37,97,95,32,19,7,3,3,3,16,0,0,0,0,2,0,1,0,0,0.336842105,12984
2017,"Tzu-Wei Lin","BOS",4,9,9,1,1,0,0,0,0,0,0,0,0,0,0,0,0,0,0,0.111111111,14678
2016,"Mookie Betts","BOS",37,137,137,45,28,13,0,4,4,24,0,0,0,0,0,0,2,0,0,0.328467153,13611
2017,"Sam Travis","BOS",5,10,10,5,3,2,0,0,0,0,0,0,0,0,0,0,0,0,0,0.5,16263
2016,"Sandy Leon","BOS",16,41,39,19,14,4,1,0,0,5,0,0,0,0,1,1,0,0,0,0.487179487,5273
2017,"Rajai Davis","BOS",5,11,11,5,3,2,0,0,0,2,0,0,0,0,0,0,1,0,0,0.454545454,3708
2017,"Mitch Moreland","BOS",34,87,86,23,15,6,0,2,2,13,0,0,0,0,1,0,6,0,0,0.26744186,3086
2018,"Blake Swihart","BOS",15,31,31,10,6,3,0,1,1,4,0,0,0,0,0,0,1,0,0,0.322580645,13176
2017,"Chris Young","BOS",25,59,59,19,11,6,1,1,1,4,0,0,0,0,0,0,3,0,0,0.322033898,3882
2018,"Tzu-Wei Lin","BOS",9,26,26,10,5,4,1,0,0,4,0,0,0,0,0,0,0,0,0,0.384615384,14678
2017,"Hanley Ramirez","BOS",31,105,105,32,21,6,0,5,5,15,0,0,0,0,0,0,2,0,0,0.304761904,8001
2018,"Dustin Pedroia","BOS",1,4,4,1,1,0,0,0,0,0,0,0,0,0,0,0,0,0,0,0.25,8370
2017,"Dustin Pedroia","BOS",27,98,95,33,25,4,0,4,4,22,0,0,0,0,2,1,2,0,0,0.347368421,8370
2018,"Sam Travis","BOS",5,10,10,4,2,2,0,0,0,0,0,0,0,0,0,0,0,0,0,0.4,16263
2017,"Christian Vazquez","BOS",18,48,48,22,17,3,1,1,1,6,0,0,0,0,0,0,2,0,0,0.458333333,9774
2018,"Ian Kinsler","BOS",9,30,29,7,4,3,0,0,0,6,0,0,0,0,1,0,2,0,0,0.24137931,6195
2017,"Xander Bogaerts","BOS",35,112,112,36,26,7,1,2,2,14,0,0,0,0,0,0,3,0,0,0.321428571,12161
2018,"Brandon Phillips","BOS",2,4,4,0,0,0,0,0,0,0,0,0,0,0,0,0,0,0,0,0,791
2017,"Mookie Betts","BOS",36,131,130,44,29,12,0,3,3,20,0,0,0,0,1,0,3,0,0,0.338461538,13611
2019,"Dustin Pedroia","BOS",5,17,17,2,2,0,0,0,0,1,0,0,0,0,0,0,2,0,0,0.117647058,8370
2017,"Andrew Benintendi","BOS",38,117,116,30,23,6,0,1,1,13,0,0,0,0,1,0,3,0,0,0.258620689,17901
2019,"Blake Swihart","BOS",4,7,7,0,0,0,0,0,0,0,0,0,0,0,0,0,0,0,0,0,13176
2017,"Sandy Leon","BOS",22,53,52,14,9,4,0,1,1,9,0,0,0,0,1,0,0,0,0,0.269230769,5273
2019,"Steve Pearce","BOS",5,10,10,1,1,0,0,0,0,1,0,0,0,0,0,0,2,0,0,0.1,9957
2017,"Brock Holt","BOS",13,27,26,7,6,1,0,0,0,1,0,0,0,0,1,0,0,0,0,0.269230769,9345
2019,"Sandy Leon","BOS",10,21,21,7,5,1,0,1,1,5,0,0,0,0,0,0,0,0,0,0.333333333,5273
2017,"Jackie Bradley Jr.","BOS",28,67,67,17,13,2,1,1,1,10,0,0,0,0,0,0,2,0,0,0.253731343,12984
2019,"Chris Owings","BOS",3,3,3,1,0,1,0,0,0,2,0,0,0,0,0,0,0,0,0,0.333333333,10030
2017,"Eduardo Nunez","BOS",10,34,34,10,9,1,0,0,0,3,0,0,0,0,0,0,1,0,0,0.294117647,6848
2019,"Gorkys Hernandez","BOS",3,7,7,2,1,0,1,0,0,0,0,0,0,0,0,0,0,0,0,0.285714285,4146
2017,"Rafael Devers","BOS",13,39,39,15,9,4,0,2,2,5,0,0,0,0,0,0,1,0,0,0.384615384,17350
2019,"Juan Centeno","BOS",1,1,1,0,0,0,0,0,0,0,0,0,0,0,0,0,0,0,0,0,7168
2018,"J.D. Martinez","BOS",36,102,100,47,20,12,1,14,14,39,0,0,0,0,2,0,5,0,0,0.47,6184
2020,"Kevin Pillar","BOS",6,19,19,9,6,2,0,1,1,6,0,0,0,0,0,0,0,0,0,0.47368421,12434
2018,"Eduardo Nunez","BOS",29,96,96,31,22,7,0,2,2,9,0,0,0,0,0,0,3,0,0,0.322916666,6848
2020,"Tzu-Wei Lin","BOS",8,16,13,3,2,1,0,0,0,2,0,0,0,0,1,2,0,0,0,0.23076923,14678
2018,"Hanley Ramirez","BOS",13,42,41,15,12,1,0,2,2,12,0,0,0,0,1,0,1,0,0,0.365853658,8001
2020,"Andrew Benintendi","BOS",6,10,10,2,2,0,0,0,0,0,0,0,0,0,0,0,1,0,0,0.2,17901
2018,"Christian Vazquez","BOS",17,51,50,11,8,3,0,0,0,2,0,0,0,0,0,1,1,0,0,0.22,9774
2020,"Jonathan Arauz","BOS",9,20,20,11,10,1,0,0,0,5,0,0,0,0,0,0,0,0,0,0.55,20275
2018,"Xander Bogaerts","BOS",26,76,75,34,16,10,1,7,7,29,0,0,0,0,1,0,0,0,0,0.453333333,12161
2020,"Mitch Moreland","BOS",6,14,14,6,2,0,0,4,4,6,0,0,0,0,0,0,0,0,0,0.428571428,3086
2018,"Jackie Bradley Jr.","BOS",32,85,84,29,15,14,0,0,0,11,0,0,0,0,1,0,1,0,0,0.345238095,12984
2020,"Kevin Plawecki","BOS",9,30,30,15,10,3,1,1,1,11,0,0,0,0,0,0,2,0,0,0.5,13807
2018,"Mookie Betts","BOS",31,95,94,45,21,16,2,6,6,24,0,0,0,0,1,0,0,0,0,0.478723404,13611
2020,"Yairo Munoz","BOS",5,15,15,9,6,2,0,1,1,4,0,0,0,0,0,0,1,0,0,0.6,16313
2018,"Rafael Devers","BOS",25,69,68,21,11,4,0,6,6,15,0,0,0,0,1,0,2,0,0,0.308823529,17350
2020,"Bobby Dalbec","BOS",9,19,19,9,4,2,0,3,3,5,0,0,0,0,0,0,0,0,0,0.47368421,19966
2018,"Andrew Benintendi","BOS",32,119,118,48,28,14,3,3,3,29,0,0,0,0,1,0,2,0,0,0.406779661,17901
2020,"Christian Arroyo","BOS",3,9,9,4,3,0,0,1,1,4,0,0,0,0,0,0,1,0,0,0.444444444,16434
2018,"Sandy Leon","BOS",21,52,52,14,7,6,0,1,1,7,0,0,0,0,0,0,2,0,0,0.269230769,5273
2020,"Cesar Puello","BOS",3,4,4,1,1,0,0,0,0,0,0,0,0,0,0,0,0,0,0,0.25,7216
2018,"Brock Holt","BOS",29,75,74,23,17,4,0,2,2,13,0,0,0,0,1,0,4,0,0,0.31081081,9345
2021,"Franchy Cordero","BOS",11,18,18,9,7,2,0,0,0,2,0,0,0,0,0,0,1,0,0,0.5,14567
2018,"Mitch Moreland","BOS",22,61,61,23,12,10,0,1,1,10,0,0,0,0,0,0,3,0,0,0.37704918,3086
2021,"Danny Santana","BOS",4,9,9,4,3,0,0,1,1,1,0,0,0,0,0,0,0,0,0,0.444444444,10322
2018,"Steve Pearce","BOS",9,25,25,8,1,1,1,5,5,14,0,0,0,0,0,0,0,0,0,0.32,9957
2021,"Michael Chavis","BOS",7,14,14,4,3,0,1,0,0,1,0,0,0,0,0,0,0,0,0,0.285714285,17321
2019,"Mitch Moreland","BOS",20,53,52,19,11,4,1,3,3,14,0,0,0,0,1,0,3,0,0,0.365384615,3086
2021,"Connor Wong","BOS",3,3,3,2,1,0,1,0,0,1,0,0,0,0,0,0,0,0,0,0.666666666,19896
2019,"J.D. Martinez","BOS",28,82,81,28,13,9,1,5,5,15,0,0,0,0,1,0,2,0,0,0.345679012,6184
2021,"Jonathan Arauz","BOS",5,13,13,3,1,1,0,1,1,2,0,0,0,0,0,0,1,0,0,0.23076923,20275
2019,"Christian Vazquez","BOS",31,82,80,23,16,4,0,3,3,11,0,0,0,0,0,2,4,0,0,0.2875,9774
2021,"Kyle Schwarber","BOS",9,21,21,8,6,2,0,0,0,0,0,0,0,0,0,0,0,0,0,0.38095238,16478
2019,"Xander Bogaerts","BOS",36,118,116,50,27,16,0,7,7,29,0,0,0,0,2,0,3,0,0,0.431034482,12161
2021,"Jose Iglesias","BOS",9,23,23,8,6,2,0,0,0,2,0,0,0,0,0,0,0,0,0,0.347826086,10231
2019,"Jackie Bradley Jr.","BOS",27,68,66,24,11,8,3,2,2,10,0,0,0,0,2,0,1,0,0,0.363636363,12984
2021,"Travis Shaw","BOS",1,1,1,1,0,1,0,0,0,0,0,0,0,0,0,0,0,0,0,1,11982
2019,"Mookie Betts","BOS",35,114,111,44,24,10,1,9,9,19,0,0,0,0,3,0,2,0,0,0.396396396,13611
2021,"Taylor Motter","BOS",1,3,3,2,0,1,1,0,0,1,0,0,0,0,0,0,0,0,0,0.666666666,12399
2019,"Rafael Devers","BOS",33,108,106,44,23,16,0,5,5,24,0,0,0,0,1,1,3,0,0,0.415094339,17350
2022,"Connor Wong","BOS",6,13,12,3,1,2,0,0,0,3,0,0,0,0,1,0,0,0,0,0.25,19896
2019,"Andrew Benintendi","BOS",29,85,85,35,15,15,1,4,4,18,0,0,0,0,0,0,0,0,0,0.411764705,17901
2022,"Travis Shaw","BOS",1,3,3,0,0,0,0,0,0,0,0,0,0,0,0,0,0,0,0,0,11982
2019,"Eduardo Nunez","BOS",9,21,21,5,4,1,0,0,0,2,0,0,0,0,0,0,2,0,0,0.238095238,6848
2022,"Jeter Downs","BOS",4,5,4,1,1,0,0,0,0,2,0,0,0,0,0,1,0,0,0,0.25,22202
2019,"Brock Holt","BOS",20,47,45,17,14,2,0,1,1,5,0,0,0,0,2,0,2,0,0,0.377777777,9345
2022,"Yolmer Sanchez","BOS",2,3,3,1,1,0,0,0,0,1,0,0,0,0,0,0,0,0,0,0.333333333,11602
2019,"Marco Hernandez","BOS",11,19,19,6,4,2,0,0,0,3,0,0,0,0,0,0,0,0,0,0.315789473,13154
2022,"Eric Hosmer","BOS",6,13,13,5,4,1,0,0,0,1,0,0,0,0,0,0,1,0,0,0.384615384,3516
2019,"Sam Travis","BOS",14,35,35,13,9,3,0,1,1,4,0,0,0,0,0,0,0,0,0,0.371428571,16263
2022,"Jaylin Davis","BOS",1,1,1,0,0,0,0,0,0,0,0,0,0,0,0,0,0,0,0,0,19552
2019,"Michael Chavis","BOS",19,35,35,18,12,3,0,3,3,12,0,0,0,0,0,0,0,0,0,0.514285714,17321
2022,"Triston Casas","BOS",8,20,20,8,5,1,0,2,2,5,0,0,0,0,0,0,1,0,0,0.4,22514
2020,"J.D. Martinez","BOS",20,64,64,23,12,7,0,4,4,13,0,0,0,0,0,0,2,0,0,0.359375,6184
2022,"Abraham Almonte","BOS",5,10,10,4,2,1,0,1,1,1,0,0,0,0,0,0,0,0,0,0.4,5486
2020,"Christian Vazquez","BOS",14,40,40,16,9,5,0,2,2,7,0,0,0,0,0,0,3,0,0,0.4,9774
2023,"Christian Arroyo","BOS",7,19,18,4,0,3,0,1,1,3,0,0,0,0,0,1,1,0,0,0.222222222,16434
2020,"Xander Bogaerts","BOS",17,55,55,17,14,1,0,2,2,7,0,0,0,0,0,0,3,0,0,0.309090909,12161
2023,"Raimel Tapia","BOS",4,7,7,2,1,1,0,0,0,1,0,0,0,0,0,0,0,0,0,0.285714285,14350
2020,"Jackie Bradley Jr.","BOS",21,56,56,24,19,3,0,2,2,7,0,0,0,0,0,0,1,0,0,0.428571428,12984
2023,"Bobby Dalbec","BOS",1,3,3,1,1,0,0,0,0,0,0,0,0,0,0,0,0,0,0,0.333333333,19966
2020,"Jose Peraza","BOS",10,33,32,11,4,6,0,1,1,6,0,0,0,0,1,0,2,0,0,0.34375,13593
2024,"Pablo Reyes","BOS",2,5,5,0,0,0,0,0,0,0,0,0,0,0,0,0,0,0,0,0,16357
2020,"Michael Chavis","BOS",17,45,44,17,9,4,2,2,2,11,0,0,0,0,1,0,4,0,0,0.386363636,17321
2024,"Garrett Cooper","BOS",2,4,4,2,1,1,0,0,0,2,0,0,0,0,0,0,0,0,0,0.5,15279
2020,"Rafael Devers","BOS",18,50,50,9,3,4,0,2,2,8,0,0,0,0,0,0,3,0,0,0.18,17350
2024,"Jamie Westbrook","BOS",4,5,5,2,1,1,0,0,0,1,0,0,0,0,0,0,0,0,0,0.4,15504
2020,"Alex Verdugo","BOS",18,51,51,19,14,3,0,2,2,3,0,0,0,0,0,0,0,0,0,0.372549019,17027
2024,"Bobby Dalbec","BOS",2,2,2,0,0,0,0,0,0,0,0,0,0,0,0,0,0,0,0,0,19966
2021,"Marwin Gonzalez","BOS",15,37,36,11,8,3,0,0,0,3,0,0,0,0,1,0,0,0,0,0.305555555,5497
2021,"J.D. Martinez","BOS",37,106,105,39,18,15,0,6,6,25,0,0,0,0,1,0,5,0,0,0.371428571,6184
2021,"Christian Vazquez","BOS",29,81,79,23,16,4,0,3,3,11,0,0,0,0,2,0,4,0,0,0.29113924,9774
2021,"Enrique Hernandez","BOS",37,117,112,33,19,12,1,1,1,17,0,0,0,0,5,0,1,0,0,0.294642857,10472
2021,"Xander Bogaerts","BOS",31,93,90,37,24,7,0,6,6,24,0,0,0,0,3,0,4,0,0,0.411111111,12161
2021,"Alex Verdugo","BOS",31,98,96,36,27,8,0,1,1,9,0,0,0,0,2,0,1,0,0,0.375,17027
2021,"Rafael Devers","BOS",34,106,105,41,24,9,1,7,7,29,0,0,0,0,1,0,3,0,0,0.39047619,17350
2021,"Bobby Dalbec","BOS",26,65,64,26,9,5,3,9,9,26,0,0,0,0,1,0,1,0,0,0.40625,19966
2021,"Kevin Plawecki","BOS",18,39,39,16,13,2,0,1,1,5,0,0,0,0,0,0,2,0,0,0.41025641,13807
2021,"Hunter Renfroe","BOS",32,95,92,33,17,12,0,4,4,25,0,0,0,0,3,0,2,0,0,0.358695652,15464
2021,"Christian Arroyo","BOS",10,25,25,10,6,3,0,1,1,2,0,0,0,0,0,0,0,0,0,0.4,16434
2021,"Jarren Duran","BOS",10,31,30,9,5,2,2,0,0,5,0,0,0,0,1,0,1,0,0,0.3,24617
2022,"J.D. Martinez","BOS",31,89,89,38,24,8,0,6,6,17,0,0,0,0,0,0,5,0,0,0.426966292,6184
2022,"Enrique Hernandez","BOS",22,71,71,17,12,3,0,2,2,12,0,0,0,0,0,0,4,0,0,0.239436619,10472
2022,"Xander Bogaerts","BOS",33,99,96,36,22,9,0,5,5,22,0,0,0,0,3,0,3,0,0,0.375,12161
2022,"Trevor Story","BOS",15,36,36,13,6,4,0,3,3,7,0,0,0,0,0,0,0,0,0,0.361111111,12564
2022,"Jackie Bradley Jr.","BOS",14,38,38,13,9,2,0,2,2,4,0,0,0,0,0,0,0,0,0,0.342105263,12984
2022,"Christian Arroyo","BOS",25,68,68,24,16,7,0,1,1,8,0,0,0,0,0,0,4,0,0,0.352941176,16434
2022,"Alex Verdugo","BOS",34,118,117,34,24,8,1,1,1,13,0,0,0,0,1,0,5,0,0,0.29059829,17027
2022,"Rafael Devers","BOS",30,101,100,34,20,10,0,4,4,16,0,0,0,0,1,0,5,0,0,0.34,17350
2022,"Bobby Dalbec","BOS",20,42,41,19,14,1,0,4,4,10,0,0,0,0,1,0,1,0,0,0.463414634,19966
2022,"Christian Vazquez","BOS",14,47,47,19,10,6,0,3,3,9,0,0,0,0,0,0,2,0,0,0.404255319,9774
2022,"Franchy Cordero","BOS",18,36,35,15,6,4,0,5,5,10,0,0,0,0,0,1,1,0,0,0.428571428,14567
2022,"Kevin Plawecki","BOS",11,26,26,9,8,1,0,0,0,2,0,0,0,0,0,0,0,0,0,0.346153846,13807
2022,"Rob Refsnyder","BOS",12,28,28,16,12,1,0,3,3,5,0,0,0,0,0,0,0,0,0,0.571428571,13770
2022,"Jarren Duran","BOS",15,32,31,9,2,6,1,0,0,2,0,0,0,0,1,0,1,0,0,0.29032258,24617
2022,"Tommy Pham","BOS",14,42,42,16,12,3,0,1,1,5,0,0,0,0,0,0,1,0,0,0.38095238,2967
2022,"Reese McGuire","BOS",12,28,27,14,9,3,1,1,1,3,0,0,0,0,1,0,0,0,0,0.518518518,15674
2023,"Justin Turner","BOS",22,79,79,31,20,7,0,4,4,18,0,0,0,0,0,0,1,0,0,0.392405063,5235
2023,"Enrique Hernandez","BOS",13,35,35,10,7,1,0,2,2,5,0,0,0,0,0,0,1,0,0,0.285714285,10472
2023,"Adam Duvall","BOS",11,27,27,14,5,6,1,2,2,9,0,0,0,0,0,0,0,0,0,0.518518518,10950
2023,"Reese McGuire","BOS",12,27,27,11,9,1,1,0,0,2,0,0,0,0,0,0,0,0,0,0.407407407,15674
2023,"Alex Verdugo","BOS",22,85,84,31,15,12,2,2,2,9,0,0,0,0,1,0,4,0,0,0.369047619,17027
2023,"Rafael Devers","BOS",24,72,71,29,20,5,0,4,4,14,0,0,0,0,1,0,3,0,0,0.408450704,17350
2023,"Connor Wong","BOS",17,38,38,13,7,3,0,3,3,6,0,0,0,0,0,0,0,0,0,0.342105263,19896
2023,"Triston Casas","BOS",21,48,47,16,9,4,1,2,2,15,0,0,0,0,1,0,1,0,0,0.340425531,22514
2023,"Masataka Yoshida","BOS",22,80,80,31,19,9,1,2,2,16,0,0,0,0,0,0,2,0,0,0.3875,31837
2023,"Rob Refsnyder","BOS",9,16,15,6,5,1,0,0,0,2,0,0,0,0,0,1,0,0,0,0.4,13770
2023,"Enmanuel Valdez","BOS",10,26,26,10,6,2,0,2,2,8,0,0,0,0,0,0,2,0,0,0.384615384,21716
2023,"Jarren Duran","BOS",13,28,28,13,9,2,0,2,2,6,0,0,0,0,0,0,2,0,0,0.464285714,24617
2023,"Pablo Reyes","BOS",9,19,19,6,6,0,0,0,0,3,0,0,0,0,0,0,2,0,0,0.315789473,16357
2023,"Yu Chang","BOS",3,7,7,1,0,0,0,1,1,1,0,0,0,0,0,0,0,0,0,0.142857142,14773
2023,"Luis Urias","BOS",7,15,15,8,5,3,0,0,0,1,0,0,0,0,0,0,1,0,0,0.533333333,16622
2023,"Trevor Story","BOS",7,17,17,7,5,1,0,1,1,5,0,0,0,0,0,0,0,0,0,0.411764705,12564
2023,"Wilyer Abreu","BOS",8,22,22,13,11,2,0,0,0,7,0,0,0,0,0,0,0,0,0,0.59090909,23772
2023,"Ceddanne Rafaela","BOS",7,15,15,7,3,2,0,2,2,2,0,0,0,0,0,0,1,0,0,0.466666666,24262
2024,"Tyler O'Neill","BOS",20,48,47,19,5,5,0,9,9,21,0,0,0,0,1,0,2,0,0,0.404255319,15711
2024,"Rafael Devers","BOS",18,54,53,22,14,3,1,4,4,10,0,0,0,0,1,0,2,0,0,0.415094339,17350
2024,"Enmanuel Valdez","BOS",10,16,16,4,3,1,0,0,0,2,0,0,0,0,0,0,0,0,0,0.25,21716
2024,"Triston Casas","BOS",12,29,29,12,6,4,0,2,2,7,0,0,0,0,0,0,1,0,0,0.413793103,22514
2024,"Ceddanne Rafaela","BOS",24,58,57,19,14,3,0,2,2,10,0,0,0,0,0,1,1,0,0,0.333333333,24262
2024,"Jarren Duran","BOS",26,80,80,32,17,11,0,4,4,9,0,0,0,0,0,0,0,0,0,0.4,24617
2024,"David Hamilton","BOS",11,36,36,8,6,1,0,1,1,5,0,0,0,0,0,0,0,0,0,0.222222222,27531
2024,"Masataka Yoshida","BOS",18,60,59,18,13,5,0,0,0,9,0,0,0,0,1,0,2,0,0,0.305084745,31837
2024,"Connor Wong","BOS",18,49,48,18,11,4,1,2,2,10,0,0,0,0,1,0,1,0,0,0.375,19896
2024,"Romy Gonzalez","BOS",16,30,30,11,9,2,0,0,0,3,0,0,0,0,0,0,0,0,0,0.366666666,21562
2024,"Reese McGuire","BOS",5,14,14,0,0,0,0,0,0,0,0,0,0,0,0,0,1,0,0,0,15674
2024,"Wilyer Abreu","BOS",18,42,42,12,6,4,0,2,2,6,0,0,0,0,0,0,1,0,0,0.285714285,23772
2024,"Dominic Smith","BOS",10,23,23,5,3,2,0,0,0,3,0,0,0,0,0,0,1,0,0,0.217391304,15653
2024,"Vaughn Grissom","BOS",6,16,16,6,5,1,0,0,0,1,0,0,0,0,0,0,1,0,0,0.375,26031
2024,"Rob Refsnyder","BOS",9,23,23,12,7,2,0,3,3,8,0,0,0,0,0,0,0,0,0,0.52173913,13770
2024,"Danny Jansen","BOS",6,16,16,4,4,0,0,0,0,0,0,0,0,0,0,0,1,0,0,0.25,16535
2024,"Mickey Gasper","BOS",4,9,9,0,0,0,0,0,0,0,0,0,0,0,0,0,1,0,0,0,24759
2024,"Nick Sogard","BOS",3,7,6,2,2,0,0,0,0,1,0,0,0,0,1,0,0,0,0,0.333333333,25483
2024,"Trevor Story","BOS",4,9,9,3,2,1,0,0,0,0,0,0,0,0,0,0,1,0,0,0.333333333,12564
2025,"Trevor Story","BOS",25,74,74,27,20,6,0,1,1,8,0,0,0,0,0,0,1,0,0,0.364864864,12564
2025,"Rafael Devers","BOS",14,43,42,14,8,3,0,3,3,11,0,0,0,0,1,0,6,0,0,0.333333333,17350
2025,"Alex Bregman","BOS",12,37,36,8,6,1,0,1,1,4,0,0,0,0,1,0,1,0,0,0.222222222,17678
2025,"Carlos Narvaez","BOS",20,54,53,16,8,6,0,2,2,7,0,0,0,0,1,0,2,0,0,0.301886792,19722
2025,"Triston Casas","BOS",3,9,9,2,2,0,0,0,0,1,0,0,0,0,0,0,0,0,0,0.222222222,22514
2025,"Wilyer Abreu","BOS",12,27,27,6,3,1,0,2,2,5,0,0,0,0,0,0,0,0,0,0.222222222,23772
2025,"Ceddanne Rafaela","BOS",23,67,66,21,16,2,0,3,3,13,0,0,0,0,0,1,1,0,0,0.318181818,24262
2025,"Jarren Duran","BOS",25,66,65,23,12,6,2,3,3,9,0,0,0,0,1,0,0,0,0,0.353846153,24617
2025,"David Hamilton","BOS",9,14,14,0,0,0,0,0,0,0,0,0,0,0,0,0,0,0,0,0,27531
2025,"Rob Refsnyder","BOS",11,24,24,9,7,1,0,1,1,5,0,0,0,0,0,0,1,0,0,0.375,13770
2025,"Romy Gonzalez","BOS",13,37,37,15,7,6,1,1,1,7,0,0,0,0,0,0,3,0,0,0.405405405,21562
2025,"Kristian Campbell","BOS",13,31,31,6,5,1,0,0,0,1,0,0,0,0,0,0,0,0,0,0.193548387,33644
2025,"Abraham Toro","BOS",16,44,43,12,6,3,0,3,3,7,0,0,0,0,1,0,1,0,0,0.279069767,19844
2025,"Nick Sogard","BOS",8,22,22,9,6,3,0,0,0,3,0,0,0,0,0,0,2,0,0,0.409090909,25483
2025,"Connor Wong","BOS",7,16,15,5,4,1,0,0,0,1,0,0,0,0,0,1,2,0,0,0.333333333,19896
2025,"Marcelo Mayer","BOS",10,21,20,8,1,5,0,2,2,5,0,0,0,0,1,0,0,0,0,0.4,29668
2025,"Roman Anthony","BOS",14,40,40,14,8,6,0,0,0,4,0,0,0,0,0,0,1,0,0,0.35,31812
2025,"Nate Eaton","BOS",6,11,11,4,3,0,0,1,1,1,0,0,0,0,0,0,0,0,0,0.363636363,25055
2025,"Masataka Yoshida","BOS",6,19,18,3,2,1,0,0,0,1,0,0,0,0,1,0,1,0,0,0.166666666,31837
2025,"Nathaniel Lowe","BOS",4,9,9,3,2,0,0,1,1,3,0,0,0,0,0,0,0,0,0,0.333333333,19566