Season,Name,Tm,PA,BB%,K%,BB/K,AVG,OBP,SLG,OPS,ISO,BABIP,wRC,wRAA,wOBA,wRC+,playerId
2002,"Tony Clark","BOS",24,0,0,0,0.416666666,0.416666666,0.583333333,0.999999999,0.166666667,0.391304347,5.021804112798374,2.1399779504601164,0.4338662674029668,168.08888590033467,182
2002,"Johnny Damon","BOS",119,0,0,0,0.327586206,0.324786324,0.413793103,0.738579427,0.086206897,0.318965517,13.817307418807925,-0.4717473027859328,0.32111228327465874,92.46395489946843,185
2002,"Trot Nixon","BOS",112,0,0,0,0.330275229,0.327272727,0.587155963,0.91442869,0.256880734,0.301886792,18.96095880603186,5.512436715119997,0.38550111813978716,135.6500226162454,204
2002,"Jose Offerman","BOS",45,0,0,0,0.288888888,0.288888888,0.422222222,0.71111111,0.133333334,0.272727272,4.700869334474139,-0.702554719910092,0.30700978702969023,83.00530637621893,205
2002,"Jason Varitek","BOS",60,0,0,0,0.3,0.3,0.533333333,0.833333333,0.233333333,0.263157894,8.612993107448432,1.40842770160279,0.3543319761753082,114.74464859648927,217
2002,"Carlos Baerga","BOS",26,0,0,0,0.28,0.269230769,0.32,0.589230769,0.04,0.269230769,1.580758335603369,-1.5412200069297426,0.254143435221452,47.547453257556555,175
2002,"Brian Daubach","BOS",65,0,0,0,0.484375,0.476923076,0.78125,1.258173076,0.296875,0.44262295,18.97839472082677,11.17344886449399,0.5340329885482789,235.27144653231343,186
2002,"Bryant Nelson","BOS",3,0,0,0,0,0,0,0,0,0,-0.4473399187024236,-0.8075681889947057,0,-100,203
2002,"Cliff Floyd","BOS",26,0,0,0,0.423076923,0.423076923,0.692307692,1.115384615,0.269230769,0.4,6.360392315604394,3.2384139730712826,0.4767118508999164,196.82573560634148,518
2003,"Jeremy Giambi","BOS",23,0,0,0,0.347826086,0.347826086,0.565217391,0.913043477,0.217391305,0.318181818,4.003755195939507,1.1843535219669004,0.3892965161282083,137.19897949271257,913
2003,"Jason Varitek","BOS",55,0,0,0,0.296296296,0.29090909,0.481481481,0.772390571,0.185185185,0.264150943,6.6400289922541145,-0.10201848898472721,0.32559344985268335,94.56590433165033,217
2003,"Johnny Damon","BOS",121,0,0,0,0.352941176,0.347107438,0.571428571,0.918536009,0.218487395,0.324786324,20.811413064539202,5.978908605813747,0.3868114140408098,135.53583279869423,185
2003,"Trot Nixon","BOS",80,0,0,0,0.423076923,0.417721518,0.756410256,1.174131774,0.333333333,0.378378378,20.733971648730964,10.927357130565376,0.4909118081949934,205.20469157977715,204
2003,"Bill Mueller","BOS",81,0,0,0,0.35,0.35,0.55,0.9,0.2,0.341772151,13.67733795976755,3.7481407601248913,0.38306300789117814,133.02722386580155,295
2003,"Todd Walker","BOS",123,0,0,0,0.311475409,0.308943089,0.532786885,0.841729974,0.221311476,0.285714285,17.822439745133,2.7447699234534064,0.35445476935161807,113.8812509136132,359
2003,"David Ortiz","BOS",92,0,0,0,0.369565217,0.369565217,0.760869565,1.130434782,0.391304348,0.301204819,22.41882989397564,11.141223198085212,0.47241326907406683,192.82460291495067,745
2003,"Andy Abad","BOS",5,0,0,0,0.2,0.2,0.2,0.4,0,0.2,-0.01343976017606649,-0.6263531675614158,0.1782236099243164,-4.060893866188932,506
2003,"Adrian Brown","BOS",4,0,0,0,0.25,0.25,0.25,0.5,0,0.25,0.13850261756003363,-0.3518281083482458,0.2227795124053955,25.75800262348639,985
2004,"Johnny Damon","BOS",117,0,0,0,0.336206896,0.333333333,0.5,0.833333333,0.163793104,0.309734513,16.967067799048138,2.4608271629378313,0.354978893047724,111.52388919303165,185
2004,"Brian Daubach","BOS",10,0,0,0,0.3,0.3,0.4,0.7,0.1,0.3,1.0054340714601746,-0.23441555555780025,0.3024875283241272,76.70544553556013,186
2004,"Jason Varitek","BOS",59,0,0,0,0.396551724,0.389830508,0.655172413,1.045002921,0.258620689,0.357142857,12.736124978256786,5.421012178850735,0.4385992248179549,166.9907231321389,217
2004,"Mark Bellhorn","BOS",49,0,0,0,0.395833333,0.387755102,0.6875,1.075255102,0.291666667,0.347826086,10.976397301349765,4.9011341289616865,0.44820844032326523,173.36468445750995,264
2004,"Bill Mueller","BOS",78,0,0,0,0.394736842,0.384615384,0.710526315,1.095141699,0.315789473,0.342465753,17.77790330804451,8.107076217304309,0.4528276729278075,176.42870253036656,295
2004,"David Ortiz","BOS",109,0,0,0,0.416666666,0.412844036,0.712962962,1.125806998,0.296296296,0.384615384,26.634222293763944,13.119861359268018,0.47221802079349484,189.29066064891225,745
2004,"Cesar Crespo","BOS",21,0,0,0,0.238095238,0.238095238,0.285714285,0.523809523,0.047619047,0.238095238,0.800829918536698,-1.8028542982010491,0.22882886159987675,27.846358889069,1024
2004,"Trot Nixon","BOS",32,0,0,0,0.5625,0.5625,0.90625,1.46875,0.34375,0.533333333,11.94432712540645,7.9768083189489305,0.6243653018027544,290.21262294411144,204
2004,"Doug Mientkiewicz","BOS",26,0,0,0,0.192307692,0.192307692,0.269230769,0.461538461,0.076923077,0.192307692,0.3221065208459506,-2.901502509400784,0.198441736973249,7.690045706966131,741
2004,"Dave Roberts","BOS",8,0,0,0,0.5,0.5,0.75,1.25,0.25,0.5,2.371216965281751,1.3793372636673713,0.5336524695158005,230.04120891011675,670
2005,"Johnny Damon","BOS",128,0,0,0,0.387096774,0.375,0.556451612,0.931451612,0.169354838,0.36,22.573762930526712,7.233881033554054,0.39413581788539886,140.83871173973506,185
2005,"Trot Nixon","BOS",89,0,0,0,0.24137931,0.235955056,0.413793103,0.649748159,0.172413793,0.209302325,6.725388768205188,-3.940622863283612,0.27241027489137115,58.296085624828386,204
2005,"Mark Bellhorn","BOS",29,0,0,0,0.344827586,0.344827586,0.48275862,0.827586206,0.137931034,0.344827586,4.2198354853827444,0.7443934930998775,0.35688321343783674,115.57755680800064,264
2005,"Bill Mueller","BOS",62,0,0,0,0.274193548,0.274193548,0.387096774,0.661290322,0.112903226,0.262295081,5.361647172184368,-2.0686081216617627,0.2855886951569588,67.23243037229753,295
2005,"David Ortiz","BOS",112,0,0,0,0.378378378,0.375,0.702702702,1.077702702,0.324324324,0.31372549,25.28194487206939,11.859548212218312,0.45376486437661306,181.27343044420755,745
2005,"Jason Varitek","BOS",61,0,0,0,0.35,0.344262295,0.5,0.844262295,0.15,0.333333333,9.02952312956933,1.7191106630432986,0.35991864321661776,117.63589509235129,217
2005,"Ramon Vazquez","BOS",14,0,0,0,0.142857142,0.142857142,0.142857142,0.285714284,0,0.142857142,-0.6259949839873438,-2.3037945664687283,0.1271482195172991,-40.20675306050149,1058
2005,"John Olerud","BOS",47,0,0,0,0.282608695,0.276595744,0.54347826,0.820074004,0.260869565,0.227272727,6.2294334599318795,0.5968205758872327,0.3412188469095433,104.95548096533858,1093
2005,"Alex Cora","BOS",24,0,0,0,0.291666666,0.291666666,0.333333333,0.624999999,0.041666667,0.291666666,1.8589019637360744,-1.0173258919462986,0.27469050884246826,59.842322296692394,1386
2005,"Adam Stern","BOS",2,0,0,0,0.5,0.5,0.5,1,0,0.5,0.43697939151884047,0.19729373687864274,0.4450187683105469,175.34266423204298,3568
2005,"Roberto Petagine","BOS",1,0,0,0,0,0,0,0,0,0,-0.14999537670250246,-0.26983820402260134,0,-100,8607
2005,"Alejandro Machado","BOS",1,0,0,0,0,0,0,0,0,0,-0.14999537670250246,-0.26983820402260134,0,-100,2082
2006,"Trot Nixon","BOS",62,0,0,0,0.29032258,0.29032258,0.338709677,0.629032257,0.048387097,0.29032258,4.801001222370667,-2.9787095770849756,0.27527876534769613,56.59268218657869,204
2006,"Jason Varitek","BOS",35,0,0,0,0.205882352,0.2,0.352941176,0.552941176,0.147058824,0.176470588,1.3225193569404183,-3.069252868558735,0.22886973449162074,25.891284767509315,217
2006,"David Ortiz","BOS",88,0,0,0,0.352941176,0.34090909,0.705882352,1.046791442,0.352941176,0.283950617,18.08252762071025,7.040357453740949,0.4251573817296462,155.74327596718788,745
2006,"Adam Stern","BOS",9,0,0,0,0.111111111,0.111111111,0.222222222,0.333333333,0.111111111,0.111111111,-0.35965000308656525,-1.4889628610720618,0.13786721229553223,-34.31045934441379,3568
2006,"Alex Cora","BOS",57,0,0,0,0.298245614,0.298245614,0.403508771,0.701754385,0.105263157,0.285714285,5.722816110534499,-1.4294986567069792,0.30215880745335627,74.37488621248231,1386
2006,"J.T. Snow","BOS",6,0,0,0,0.166666666,0.166666666,0.166666666,0.333333332,0,0.166666666,-0.18640897595172,-0.9392842146087177,0.1482763191064199,-27.42442619345933,1133
2006,"Willie Harris","BOS",13,0,0,0,0.333333333,0.307692307,0.416666666,0.724358973,0.083333333,0.307692307,1.2895812907434796,-0.34164839301334876,0.30075220419810367,73.4443628907523,236
2006,"Josh Bard","BOS",1,0,0,0,0,0,0,0,0,0,-0.1577470158346575,-0.28322622227749045,0,-100,1578
2006,"Eric Hinske","BOS",18,0,0,0,0.555555555,0.555555555,1,1.555555555,0.444444445,0.529411764,7.184438044405652,4.925812328434659,0.6518253021770053,305.69301159924254,1305
2006,"Coco Crisp","BOS",33,0,0,0,0.1875,0.1875,0.28125,0.46875,0.09375,0.161290322,0.44930247104522136,-3.691511341568266,0.20057777501642704,7.175041924476141,1572
2006,"Carlos Pena","BOS",10,0,0,0,0.4,0.4,0.5,0.9,0.1,0.4,1.762822338247452,0.5080302738191226,0.39097786545753477,133.1321829685874,934
2006,"David Murphy","BOS",3,0,0,0,0.666666666,0.666666666,0.666666666,1.333333332,0,0.666666666,1.0469051906084776,0.6704675712799787,0.5931052764256796,266.84740733225675,6035
2007,"Jason Varitek","BOS",44,0,0,0,0.386363636,0.386363636,0.727272727,1.113636363,0.340909091,0.325,10.602136274444096,5.161824127303592,0.47085821628570557,189.1181897020817,217
2007,"David Ortiz","BOS",115,0,0,0,0.403508771,0.4,0.754385964,1.154385964,0.350877193,0.355140186,29.063970243773436,14.844972586474396,0.4848878051923669,198.5053255197091,745
2007,"J.D. Drew","BOS",75,0,0,0,0.328767123,0.32,0.506849315,0.826849315,0.178082192,0.301369863,10.434213698521734,1.1609543568049672,0.3494994370142619,107.91756784055283,1152
2007,"Alex Cora","BOS",36,0,0,0,0.3125,0.3125,0.375,0.6875,0.0625,0.3125,3.5834912876599785,-0.8676731963640693,0.3023293763399124,76.35628910161533,1386
2007,"Coco Crisp","BOS",78,0,0,0,0.347222222,0.342465753,0.5,0.842465753,0.152777778,0.342465753,11.488825186057912,1.8446354706724757,0.35923554636027716,114.43195549470016,1572
2007,"Eric Hinske","BOS",35,0,0,0,0.314285714,0.314285714,0.685714285,0.999999999,0.371428571,0.25,6.852632235720672,2.5251112095861807,0.41703033106667653,153.1021900396276,1305
2007,"Jacoby Ellsbury","BOS",37,0,0,0,0.527777777,0.513513513,0.916666666,1.430180179,0.388888889,0.470588235,12.828826441667026,8.254018499753421,0.596903565767649,273.454574940392,4727
2007,"Brandon Moss","BOS",7,0,0,0,0.285714285,0.285714285,0.428571428,0.714285713,0.142857143,0.285714285,0.7245752763300113,-0.140928928896887,0.307059713772365,79.52133693281415,4467
2007,"Bobby Kielty","BOS",2,0,0,0,0,0,0,0,0,0,-0.30829947158735715,-0.5555863873664709,0,-100,736
2008,"Jason Varitek","BOS",50,0,0,0,0.28,0.28,0.34,0.62,0.06,0.28,3.721780791624987,-2.29668124045471,0.2727007067203522,56.94316326899403,217
2008,"Sean Casey","BOS",37,0,0,0,0.297297297,0.297297297,0.378378378,0.675675675,0.081081081,0.297297297,3.461510641398983,-0.9921512623399928,0.2958614052952947,72.46309165158743,314
2008,"David Ortiz","BOS",70,0,0,0,0.323529411,0.318840579,0.544117647,0.862958226,0.220588236,0.298507462,10.55998062346929,2.134133778557715,0.365278504896855,118.97932305356886,745
2008,"J.D. Drew","BOS",48,0,0,0,0.354166666,0.354166666,0.875,1.229166666,0.520833334,0.261904761,13.030358444440328,7.252634893643819,0.5113858977953593,216.88553545104398,1152
2008,"Coco Crisp","BOS",57,0,0,0,0.381818181,0.375,0.436363636,0.811363636,0.054545455,0.375,8.138248552429543,1.277201835858689,0.3554895796946117,112.41978783101109,1572
2008,"Jacoby Ellsbury","BOS",97,0,0,0,0.319148936,0.3125,0.404255319,0.716755319,0.085106383,0.305263157,10.262777754990006,-1.4130385872446045,0.3106981913248698,82.40518626767953,4727
2008,"Brandon Moss","BOS",13,0,0,0,0.538461538,0.538461538,0.923076923,1.461538461,0.384615385,0.5,4.750342212244804,3.1855420839040827,0.6251923854534442,293.1469889738189,4467
2008,"Jed Lowrie","BOS",30,0,0,0,0.285714285,0.266666666,0.464285714,0.73095238,0.178571429,0.266666666,2.8671980134159414,-0.7438792058318765,0.2983071605364482,74.10198635336991,4418
2008,"Chris Carter","BOS",10,0,0,0,0.5,0.5,0.5,1,0,0.5,2.191643937992152,0.9879515315762127,0.44802722334861755,174.4290401666861,7707
2008,"Alex Cora","BOS",35,0,0,0,0.411764705,0.411764705,0.470588235,0.88235294,0.05882353,0.411764705,5.973224094168666,1.7603006717128777,0.3892726004123688,135.05770872060413,1386
2008,"Mark Kotsay","BOS",27,0,0,0,0.296296296,0.296296296,0.444444444,0.74074074,0.148148148,0.296296296,3.019219198171681,-0.23075029915135503,0.31799223908671626,87.29291012094647,1042
2008,"Jonathan Van Every","BOS",10,0,0,0,0.3,0.3,0.5,0.8,0.2,0.3,1.282291374343765,0.0785989679278257,0.3378669500350952,100.61090610217744,3409
2008,"George Kottaras","BOS",3,0,0,0,0.333333333,0.333333333,0.666666666,0.999999999,0.333333333,0.333333333,0.5876550921482007,0.2265473702234188,0.4198262691497803,155.5316486190809,5506
2009,"Jason Varitek","BOS",55,0,0,0,0.277777777,0.272727272,0.574074074,0.846801346,0.296296297,0.215686274,7.675071554559383,1.0840328133880233,0.3525219603018327,107.15981408273691,217
2009,"David Ortiz","BOS",91,0,0,0,0.409090909,0.395604395,0.784090909,1.179695304,0.375,0.345238095,22.905031992332226,11.99985880239416,0.4882851917665083,196.9663709898454,745
2009,"J.D. Drew","BOS",69,0,0,0,0.376811594,0.376811594,0.724637681,1.101449275,0.347826087,0.338461538,16.022923158253636,7.754165464784111,0.46469619654226996,181.36239324762232,1152
2009,"Jed Lowrie","BOS",13,0,0,0,0.09090909,0.076923076,0.09090909,0.167832166,0,0.076923076,-1.2326142292067144,-2.7904961134835813,0.06883087983498207,-80.50012069580643,4418
2009,"Jacoby Ellsbury","BOS",118,0,0,0,0.35042735,0.35042735,0.495726495,0.846153845,0.145299145,0.344827586,17.814608525001344,3.6738344984882447,0.3663510476422106,116.30767175972629,4727
2009,"George Kottaras","BOS",12,0,0,0,0.181818181,0.166666666,0.363636363,0.530303029,0.181818182,0.166666666,0.25827936135898416,-1.1797654548965852,0.20965737104415894,12.655751924211659,5506
2009,"Chris Carter","BOS",1,0,0,0,0,0,0,0,0,0,-0.151679132797496,-0.27151620081879346,0,-100,7707
2009,"Mark Kotsay","BOS",6,0,0,0,0.333333333,0.333333333,0.333333333,0.666666666,0,0.333333333,0.5683541975364919,-0.15066821059129282,0.29826714595158893,71.27058236761279,1042
2009,"Adam LaRoche","BOS",8,0,0,0,0.375,0.375,0.75,1.125,0.375,0.285714285,1.9365120490511636,0.977815504880784,0.47661663591861725,189.24769183443607,1904
2009,"Casey Kotchman","BOS",21,0,0,0,0.19047619,0.19047619,0.238095238,0.428571428,0.047619048,0.19047619,0.0715961801992539,-2.444982248247993,0.1877308828490121,-1.8484874683432362,1930
2009,"Victor Martinez","BOS",27,0,0,0,0.444444444,0.444444444,0.592592592,1.037037036,0.148148148,0.444444444,5.975237301611353,2.739636465036322,0.4514884595517759,172.6255550709357,393
2009,"Josh Reddick","BOS",6,0,0,0,0.333333333,0.333333333,0.333333333,0.666666666,0,0.333333333,0.5683541975364919,-0.15066821059129282,0.29826714595158893,71.27058236761279,3892
2009,"Joey Gathright","BOS",4,0,0,0,0.5,0.5,0.5,1,0,0.5,0.8717124631314841,0.3923641910462942,0.4474007189273834,169.9215393588353,3913
2010,"Victor Martinez","BOS",64,0,0,0,0.265625,0.265625,0.453125,0.71875,0.1875,0.229508196,6.783284659928393,-0.5661625904378178,0.3099219501018524,85.20749659716222,393
2010,"David Ortiz","BOS",82,0,0,0,0.358024691,0.353658536,0.679012345,1.032670881,0.320987654,0.311688311,17.10057821780776,7.684098928276056,0.4381868766575325,172.37213831987208,745
2010,"J.D. Drew","BOS",83,0,0,0,0.375,0.361445783,0.5875,0.948945783,0.2125,0.329113924,14.963440634077381,5.4321262312586995,0.40284067392349243,148.35201699517447,1152
2010,"Jacoby Ellsbury","BOS",11,0,0,0,0.272727272,0.272727272,0.363636363,0.636363635,0.090909091,0.272727272,0.8870606672293198,-0.3761255789273727,0.2782206210223111,63.66431199047693,4727
2010,"Jason Varitek","BOS",19,0,0,0,0.333333333,0.315789473,0.555555555,0.871345028,0.222222222,0.277777777,2.8405396944219934,0.6586725419695243,0.3643438314136706,122.19082410377597,217
2010,"Jeremy Hermida","BOS",23,0,0,0,0.304347826,0.304347826,0.565217391,0.869565217,0.260869565,0.238095238,3.629942594664467,0.9887349890641098,0.3747515030529188,129.2635367615801,7208
2010,"Josh Reddick","BOS",15,0,0,0,0.333333333,0.333333333,0.6,0.933333333,0.266666667,0.285714285,2.692123045944145,0.9695963466395642,0.4018306771914164,147.66565630674185,3892
2010,"Jonathan Van Every","BOS",4,0,0,0,0.25,0.25,0.25,0.5,0,0.25,0.14841664847784786,-0.3109238046700403,0.22376815974712372,26.660203342653805,3409
2010,"Daniel Nava","BOS",19,0,0,0,0.421052631,0.421052631,0.578947368,0.999999999,0.157894737,0.421052631,3.930872380539202,1.7490052280867332,0.4361162028814617,170.96497626347414,5450
2010,"Eric Patterson","BOS",15,0,0,0,0.266666666,0.266666666,0.266666666,0.533333332,0,0.266666666,0.7354772966443004,-0.9870494026602803,0.23868603706359864,36.79790401010328,9072
2010,"Ryan Kalish","BOS",32,0,0,0,0.34375,0.34375,0.5625,0.90625,0.21875,0.322580645,5.4752979131301975,1.800574287947092,0.3913600854575634,140.55018521410548,6962
2010,"Jed Lowrie","BOS",19,0,0,0,0.368421052,0.368421052,0.947368421,1.315789473,0.578947369,0.25,5.738171714549331,3.556304562096862,0.5550837077592549,251.811394826822,4418
2010,"Lars Anderson","BOS",12,0,0,0,0.363636363,0.333333333,0.363636363,0.696969696,0,0.333333333,1.1609094048430273,-0.21711195460063723,0.2983575463294983,77.3487066799012,9018
2010,"Jarrod Saltalamacchia","BOS",1,0,0,0,1,1,2,3,1,1,0.8738487757394423,0.7590136624524703,1.2702815532684326,737.836418492193,5557
2010,"Felipe Lopez","BOS",6,0,0,0,0.5,0.5,1,1.5,0.5,0.4,2.2371004326584907,1.5480897529366584,0.6436843276023865,312.02147323577884,1311
2011,"David Ortiz","BOS",85,0,0,0,0.369047619,0.364705882,0.642857142,1.007563024,0.273809523,0.333333333,17.18811098295685,7.640322780194246,0.429602507983937,169.8110040436027,745
2011,"J.D. Drew","BOS",38,0,0,0,0.351351351,0.342105263,0.432432432,0.774537695,0.081081081,0.342105263,4.796302115794494,0.5278791545594472,0.3335330800006264,104.5478417319786,1152
2011,"Carl Crawford","BOS",84,0,0,0,0.333333333,0.333333333,0.488095238,0.821428571,0.154761905,0.325301204,12.075892365451733,2.6404310827216313,0.35570918378375826,119.61280767399897,1201
2011,"Adrian Gonzalez","BOS",102,0,0,0,0.352941176,0.352941176,0.539215686,0.892156862,0.18627451,0.333333333,17.124407088889434,5.667061245574308,0.38620798728045297,140.33166074410263,1908
2011,"Jacoby Ellsbury","BOS",124,0,0,0,0.388429752,0.382113821,0.801652892,1.183766713,0.41322314,0.321428571,31.81341792881768,17.88487984478753,0.4983055707884998,216.48328296982703,4727
2011,"Jarrod Saltalamacchia","BOS",37,0,0,0,0.27027027,0.27027027,0.432432432,0.702702702,0.162162162,0.27027027,3.691039000614133,-0.46505704058841213,0.30008252891334325,81.82376820671634,5557
2011,"Jed Lowrie","BOS",30,0,0,0,0.333333333,0.333333333,0.4,0.733333333,0.066666667,0.333333333,3.4843716835380567,0.11456408256302016,0.3207994937896729,95.89749248831609,4418
2011,"Jason Varitek","BOS",22,0,0,0,0.333333333,0.333333333,0.761904761,1.095238094,0.428571428,0.263157894,5.061428729141198,2.5902364884261715,0.46481176785060335,193.7298270218096,217
2011,"Josh Reddick","BOS",51,0,0,0,0.26,0.25490196,0.42,0.67490196,0.16,0.24,4.552907538219465,-1.1757653834380974,0.28682765306210983,72.81928954728524,3892
2011,"Lars Anderson","BOS",1,0,0,0,0,0,0,0,0,0,-0.13761895227858326,-0.24994587231108448,0,-100,9018
2012,"David Ortiz","BOS",67,0,0,0,0.462686567,0.462686567,0.820895522,1.283582089,0.358208955,0.419354838,20.109706246057964,12.464214415053345,0.5466469508498463,252.756018102099,745
2012,"Adrian Gonzalez","BOS",93,0,0,0,0.387096774,0.387096774,0.559139784,0.946236558,0.17204301,0.373626373,17.51686400114778,6.9044648924398775,0.40744525899169265,157.15291587220625,1908
2012,"Jacoby Ellsbury","BOS",31,0,0,0,0.419354838,0.419354838,0.677419354,1.096774192,0.258064516,0.379310344,7.4063992572461315,3.8689328876768307,0.4704054824767574,200.39371705724568,4727
2012,"Ryan Sweeney","BOS",42,0,0,0,0.292682926,0.285714285,0.463414634,0.749128919,0.170731708,0.285714285,4.752532382004047,-0.040163989670490625,0.31380962757837205,92.84438109167952,6352
2012,"Jarrod Saltalamacchia","BOS",55,0,0,0,0.37037037,0.363636363,0.925925925,1.289562288,0.555555555,0.270833333,15.827704573131355,9.551554562605176,0.5312459100376475,242.1786518390815,5557
2012,"Nick Punto","BOS",22,0,0,0,0.3,0.285714285,0.4,0.685714285,0.1,0.285714285,2.0337074472191135,-0.47675255699135877,0.288016398747762,75.12970636456063,1429
2012,"Nate Spears","BOS",1,0,0,0,0,0,0,0,0,0,-0.13886185504941073,-0.252973673422614,0,-100,6026
2012,"Scott Podsednik","BOS",42,0,0,0,0.405405405,0.394736842,0.459459459,0.854196301,0.054054054,0.394736842,6.5947321867776,1.8020358151030624,0.3684260437363072,130.3546925518171,1095
2012,"Daniel Nava","BOS",43,0,0,0,0.279069767,0.279069767,0.372093023,0.65116279,0.093023256,0.279069767,3.7436705441870783,-1.1631376458606628,0.28131834296293035,70.5295114718771,5450
2012,"Ryan Kalish","BOS",19,0,0,0,0.388888888,0.368421052,0.444444444,0.812865496,0.055555556,0.368421052,2.628550794522589,0.46042624543172717,0.34517503412146316,114.38600266390068,6962
2012,"Carl Crawford","BOS",5,0,0,0,0.2,0.2,0.2,0.4,0,0.2,0.015251590411310967,-0.5553075014547054,0.17670767307281493,-1.3166308726669413,1201
2012,"James Loney","BOS",26,0,0,0,0.2,0.192307692,0.24,0.432307692,0.04,0.192307692,0.23739607785998545,-2.7295111998432997,0.18427880452229425,3.883188499486259,4556
2013,"Shane Victorino","BOS",44,0,0,0,0.302325581,0.295454545,0.395348837,0.690803382,0.093023256,0.295454545,4.217661528586292,-0.603079349995709,0.2962948707017032,79.62062328739336,1677
2013,"Jacoby Ellsbury","BOS",104,0,0,0,0.336538461,0.336538461,0.48076923,0.817307691,0.144230769,0.330097087,14.605285136469092,3.2108066961843624,0.35321429486458117,118.85788993237298,4727
2013,"Mike Carp","BOS",32,0,0,0,0.3125,0.3125,0.40625,0.71875,0.09375,0.3125,3.4958070906725975,-0.01018627556885739,0.313388803973794,91.40428462397358,7480
2013,"Stephen Drew","BOS",75,0,0,0,0.297297297,0.293333333,0.513513513,0.806846846,0.216216216,0.283783783,9.87457489184152,1.6574029397131105,0.342011030515035,111.13494689416798,4251
2013,"Daniel Nava","BOS",55,0,0,0,0.454545454,0.454545454,0.727272727,1.181818181,0.272727273,0.433962264,14.495267020714184,8.469340922486683,0.5104082822799683,227.21918293413358,5450
2013,"Jarrod Saltalamacchia","BOS",45,0,0,0,0.533333333,0.533333333,0.977777777,1.51111111,0.444444444,0.5,16.712202487816295,11.78189931653925,0.6480889399846395,322.1290095472003,5557
2013,"Jackie Bradley Jr.","BOS",17,0,0,0,0.294117647,0.294117647,0.529411764,0.823529411,0.235294117,0.25,2.4120347212826396,0.5494757454668665,0.35506433949751015,120.13321370163013,12984
2013,"David Ortiz","BOS",91,0,0,0,0.377777777,0.373626373,0.6,0.973626373,0.222222223,0.352272727,17.401164592819164,7.430995957570029,0.41805843468550796,163.55804004698714,745
2013,"Brock Holt","BOS",1,0,0,0,0,0,0,0,0,0,-0.13620322526621118,-0.24576551796125665,0,-100,9345
2014,"A.J. Pierzynski","BOS",44,0,0,0,0.348837209,0.348837209,0.441860465,0.790697674,0.093023256,0.348837209,5.959317356898073,1.232011020733599,0.34646808546642927,118.20672266627236,746
2014,"Grady Sizemore","BOS",23,0,0,0,0.217391304,0.217391304,0.304347826,0.52173913,0.086956522,0.217391304,0.9920995053158251,-1.4789924431337866,0.2261187978412794,34.23203687873823,2197
2014,"Daniel Nava","BOS",45,0,0,0,0.386363636,0.377777777,0.5,0.877777777,0.113636364,0.377777777,7.260817187267891,2.4260720707360424,0.38025359047783747,141.78083119230638,5450
2014,"Mike Carp","BOS",27,0,0,0,0.192307692,0.185185185,0.307692307,0.492877492,0.115384615,0.185185185,0.8009334300553693,-2.09991363986374,0.20855544673071968,21.977067032309492,7480
2014,"Brock Holt","BOS",73,0,0,0,0.414285714,0.408450704,0.628571428,1.037022132,0.214285714,0.4,15.496910968334989,7.653880001516656,0.44666423428226526,188.11939335974267,9345
2014,"Jackie Bradley Jr.","BOS",53,0,0,0,0.226415094,0.226415094,0.37735849,0.603773584,0.150943396,0.211538461,3.753649633470606,-1.9406057260002387,0.2622203714442703,59.42220093844779,12984
2014,"David Ortiz","BOS",78,0,0,0,0.32,0.307692307,0.506666666,0.814358973,0.186666666,0.28,10.609431417817351,2.2292065491621456,0.34722342246618026,118.7337651479475,745
2014,"Jonathan Herrera","BOS",6,0,0,0,0.4,0.4,0.4,0.8,0,0.4,0.859277077394374,0.2146443951901275,0.3566038370132446,125.27902503016658,4182
2014,"Garin Cecchini","BOS",16,0,0,0,0.375,0.375,0.75,1.125,0.375,0.333333333,3.871870566948906,2.1528500810709152,0.4853951707482338,215.1442165570092,11608
2014,"Stephen Drew","BOS",15,0,0,0,0.333333333,0.333333333,0.866666666,1.199999999,0.533333333,0.23076923,3.9723705235941384,2.3607888180835226,0.5151653011639913,235.91656508393746,4251
2014,"Jemile Weeks","BOS",10,0,0,0,0.222222222,0.2,0.222222222,0.422222222,0,0.2,0.0646065845142009,-1.0097812191595432,0.1783019185066223,0.8674237870929014,2498
2015,"Daniel Nava","BOS",14,0,0,0,0,0,0,0,0,0,-1.9296147902251222,-3.5037732948304154,0,-100,5450
2015,"David Ortiz","BOS",103,0,0,0,0.336633663,0.330097087,0.653465346,0.983562433,0.316831683,0.288659793,19.61214065471377,8.030831656546253,0.4107872513891424,161.012332810254,745
2015,"Sandy Leon","BOS",16,0,0,0,0.214285714,0.214285714,0.285714285,0.499999999,0.071428571,0.214285714,0.5506822245172167,-1.2483560664602613,0.21556558779307775,26.21025472793387,5273
2015,"Pablo Sandoval","BOS",84,0,0,0,0.341463414,0.337349397,0.5,0.837349397,0.158536586,0.320987654,12.377364457660542,2.9324134300287823,0.35689868409949616,123.80185769334341,5409
2015,"Blake Swihart","BOS",28,0,0,0,0.464285714,0.464285714,0.678571428,1.142857142,0.214285714,0.444444444,7.136886820642052,3.988569811431465,0.4914828751768385,216.7332890727628,13176
2015,"Brock Holt","BOS",86,0,0,0,0.270588235,0.26744186,0.329411764,0.596853624,0.058823529,0.26744186,5.804525523180292,-3.8653052908236534,0.25696089933084887,54.794039515787084,9345
2016,"Marco Hernandez","BOS",3,0,0,0,0.333333333,0.333333333,0.333333333,0.666666666,0,0.333333333,0.29077869520296573,-0.06263477488646985,0.2928180495897929,76.10227301599967,13154
2015,"Alejandro De Aza","BOS",26,0,0,0,0.4,0.384615384,0.56,0.944615384,0.16,0.36,4.701084396863182,1.7776471740247803,0.3987752153323247,152.71792842586564,3371
2016,"Blake Swihart","BOS",10,0,0,0,0.3,0.3,0.3,0.6,0,0.3,0.7276402879156596,-0.450404612382459,0.2635362446308136,55.977885265718996,13176
2015,"Travis Shaw","BOS",47,0,0,0,0.369565217,0.361702127,0.717391304,1.079093431,0.347826087,0.302325581,10.472752623529326,5.188077643782985,0.4513547623411138,189.02451485101426,11982
2016,"Sandy Leon","BOS",30,0,0,0,0.48275862,0.48275862,0.689655172,1.172413792,0.206896552,0.48275862,7.988220986209643,4.454086285315287,0.49804806503756294,217.14987628543213,5273
2015,"Jackie Bradley Jr.","BOS",42,0,0,0,0.333333333,0.333333333,0.5,0.833333333,0.166666667,0.31707317,6.211092571207911,1.4886170573920312,0.3575664531616938,124.26295742789732,12984
2016,"Andrew Benintendi","BOS",21,0,0,0,0.38095238,0.38095238,0.571428571,0.952380951,0.190476191,0.38095238,3.960316836663212,1.486422546037163,0.4038997491200765,152.4449437099417,17901
2016,"David Ortiz","BOS",105,0,0,0,0.378640776,0.371428571,0.786407766,1.157836337,0.40776699,0.3125,26.015426790053446,13.645955336923201,0.4756184254373823,201.73474852792458,745
2017,"Pablo Sandoval","BOS",14,0,0,0,0.23076923,0.214285714,0.692307692,0.906593406,0.461538462,0.083333333,1.9964936269256137,0.29030617007937637,0.3454599976539612,111.09381788737271,5409
2016,"Brock Holt","BOS",48,0,0,0,0.3125,0.3125,0.354166666,0.666666666,0.041666666,0.3125,4.5275929759446605,-1.127022545486309,0.28966547921299934,73.93561871441136,9345
2017,"Sandy Leon","BOS",35,0,0,0,0.176470588,0.171428571,0.235294117,0.406722688,0.058823529,0.171428571,-0.1734036748169361,-4.438872316932529,0.1706003393445696,-8.505019204617268,5273
2016,"Travis Shaw","BOS",86,0,0,0,0.364705882,0.360465116,0.552941176,0.913406292,0.188235294,0.345238095,14.90227840614843,4.771092263584608,0.38535281184107756,139.69826508457732,11982
2017,"Marco Hernandez","BOS",9,0,0,0,0.333333333,0.333333333,0.444444444,0.777777777,0.111111111,0.333333333,1.179127534244473,0.08229274055760624,0.33172288205888534,101.69803691619903,13154
2016,"Jackie Bradley Jr.","BOS",97,0,0,0,0.336842105,0.329896907,0.568421052,0.898317959,0.231578947,0.308510638,15.783124996955683,4.356089464063933,0.37254358013880623,130.8949161817069,12984
2017,"Tzu-Wei Lin","BOS",9,0,0,0,0.111111111,0.111111111,0.111111111,0.222222222,0,0.111111111,-0.600484090456447,-1.6973188841433138,0.09740764564938015,-58.56665797372797,14678
2017,"Mitch Moreland","BOS",87,0,0,0,0.26744186,0.264367816,0.406976744,0.67134456,0.139534884,0.247058823,7.721369548932152,-2.8813667900408926,0.2816415312646449,67.44387347508551,3086
2018,"Blake Swihart","BOS",21,0,0,0,0.38095238,0.38095238,0.666666666,1.047619046,0.285714286,0.35,4.641635988162079,2.188182074831047,0.44241790544419063,180.57551935568745,13176
2017,"Andrew Benintendi","BOS",117,0,0,0,0.258620689,0.256410256,0.336206896,0.592617152,0.077586207,0.25,7.501391517212041,-6.757460800717227,0.25244682161217064,47.47555512519952,17901
2018,"Tzu-Wei Lin","BOS",26,0,0,0,0.384615384,0.384615384,0.615384615,0.999999999,0.230769231,0.384615384,5.308003108951691,2.270393501970413,0.42173068110759443,166.4584651660233,14678
2017,"Brock Holt","BOS",27,0,0,0,0.269230769,0.259259259,0.307692307,0.566951566,0.038461538,0.259259259,1.457771018271973,-1.8327333627886273,0.24045115488546867,39.270873699377596,9345
2019,"Blake Swihart","BOS",6,0,0,0,0,0,0,0,0,0,-0.9044378477499584,-1.659343608038197,0,-100,13176
2017,"Jackie Bradley Jr.","BOS",67,0,0,0,0.253731343,0.253731343,0.358208955,0.611940298,0.104477612,0.242424242,4.699970967331828,-3.4653547190037353,0.2595975327847609,52.36643017831955,12984
2019,"Sandy Leon","BOS",12,0,0,0,0.416666666,0.416666666,0.75,1.166666666,0.333333334,0.363636363,3.1744757481471235,1.664664227570647,0.48041850825150806,202.321035657523,5273
2017,"Rafael Devers","BOS",39,0,0,0,0.384615384,0.384615384,0.641025641,1.025641025,0.256410257,0.351351351,8.35113589192496,3.5981851192818697,0.4302170184942392,169.06511455971884,17350
2019,"Juan Centeno","BOS",1,0,0,0,0,0,0,0,0,0,-0.15073964129165973,-0.27655726800636615,0,-100,7168
2018,"Jackie Bradley Jr.","BOS",85,0,0,0,0.345238095,0.34117647,0.511904761,0.853081231,0.166666666,0.34117647,13.117289656678269,3.186642864624091,0.36064481384613933,124.77319679354912,12984
2020,"Tzu-Wei Lin","BOS",16,0,0,0,0.23076923,0.214285714,0.307692307,0.521978021,0.076923077,0.214285714,0.5865960215673058,-1.4208016301050574,0.21451098578316824,24.109890724998202,14678
2018,"Rafael Devers","BOS",69,0,0,0,0.308823529,0.304347826,0.632352941,0.936700767,0.323529412,0.238095238,12.250693308877427,4.189344736504035,0.3891146139822144,144.201115433117,17350
2020,"Andrew Benintendi","BOS",10,0,0,0,0.2,0.2,0.2,0.4,0,0.2,0.04596716678575516,-1.208656365509472,0.17650516033172609,-1.9190448980412025,17901
2018,"Andrew Benintendi","BOS",119,0,0,0,0.406779661,0.403361344,0.652542372,1.055903716,0.245762711,0.387931034,26.521394936585285,12.61848942770944,0.4446716619138958,182.11349282643718,17901
2020,"Jonathan Arauz","BOS",11,0,0,0,0.454545454,0.454545454,0.545454545,0.999999999,0.090909091,0.454545454,2.43540880941305,1.0553229238883004,0.43347321857105603,174.06989799795255,20275
2018,"Sandy Leon","BOS",42,0,0,0,0.309523809,0.309523809,0.523809523,0.833333332,0.214285714,0.292682926,6.191538062711898,1.2846302360498352,0.35218243088041035,118.99842890022899,5273
2020,"Mitch Moreland","BOS",14,0,0,0,0.428571428,0.428571428,1.285714285,1.714285713,0.857142857,0.2,6.147816760742337,4.391343815529019,0.6915374994277954,350.8096075882134,3086
2018,"Brock Holt","BOS",75,0,0,0,0.31081081,0.306666666,0.445945945,0.752612611,0.135135135,0.287671232,9.089539986042316,0.3272045812886306,0.320037051041921,97.06227827201198,9345
2021,"Marwin Gonzalez","BOS",20,0,0,0,0.315789473,0.3,0.315789473,0.615789473,0,0.3,1.5819912912232237,-0.8391244946139499,0.26371659636497496,58.62266098300857,5497
2018,"Mitch Moreland","BOS",61,0,0,0,0.37704918,0.37704918,0.590163934,0.967213114,0.213114754,0.366666666,11.908753229423587,4.7820537668905905,0.4107859994544358,158.98976557286727,3086
2021,"Franchy Cordero","BOS",18,0,0,0,0.5,0.5,0.611111111,1.111111111,0.111111111,0.5,4.642112307790956,2.4631081005375006,0.4798155725002289,204.6568966866941,14567
2019,"Mitch Moreland","BOS",53,0,0,0,0.365384615,0.358490566,0.653846153,1.012336719,0.288461538,0.32,10.837647461448595,4.169313245569155,0.41094265006623176,155.33265470334908,3086
2021,"Danny Santana","BOS",6,0,0,0,0.5,0.5,1,1.5,0.5,0.4,2.2802091944633607,1.5538744587122086,0.6274382074673971,304.4165487477094,10322
2019,"Jackie Bradley Jr.","BOS",68,0,0,0,0.363636363,0.352941176,0.666666666,1.019607842,0.303030303,0.333333333,13.750186698416403,5.194588081816368,0.4083104703356238,153.55244115648173,12984
2021,"Jonathan Arauz","BOS",9,0,0,0,0.333333333,0.333333333,0.777777777,1.11111111,0.444444444,0.25,2.1629278961083513,1.0734257924816233,0.4585800502035353,190.30646650961975,20275
2019,"Rafael Devers","BOS",108,0,0,0,0.415094339,0.411214953,0.707547169,1.118762122,0.29245283,0.382352941,26.61633523808766,13.028031552899368,0.45948854952215035,188.16554481770467,17350
2021,"Kyle Schwarber","BOS",21,0,0,0,0.38095238,0.38095238,0.476190476,0.857142856,0.095238096,0.38095238,3.497519844704555,0.9553482695755228,0.3694107135136922,130.04807859594604,16478
2019,"Andrew Benintendi","BOS",85,0,0,0,0.411764705,0.411764705,0.752941176,1.164705881,0.341176471,0.382716049,22.26601422508629,11.571515954336247,0.4774262561517603,200.29729553762522,17901
2021,"Travis Shaw","BOS",1,0,0,0,1,1,2,3,1,1,0.8882173887499396,0.7671615994580809,1.2416465282440186,719.4830349087481,11982
2019,"Brock Holt","BOS",47,0,0,0,0.377777777,0.361702127,0.488888888,0.850591015,0.111111111,0.347826086,7.218970675292234,1.305542219701032,0.35207162258472846,115.51660436990012,9345
2022,"Travis Shaw","BOS",3,0,0,0,0,0,0,0,0,0,-0.395180767447199,-0.7382201236192838,0,-100,11982
2019,"Marco Hernandez","BOS",19,0,0,0,0.315789473,0.315789473,0.421052631,0.736842104,0.105263158,0.315789473,2.246138001635066,-0.14439690594435586,0.3111451299566972,87.83692286678378,13154
2022,"Yolmer Sanchez","BOS",3,0,0,0,0.333333333,0.333333333,0.333333333,0.666666666,0,0.333333333,0.30698248478587864,-0.03605687138620618,0.2946169376373291,84.91703857030983,11602
2020,"Jackie Bradley Jr.","BOS",56,0,0,0,0.428571428,0.428571428,0.589285714,1.017857142,0.160714286,0.407407407,12.53852721147394,5.512635430620669,0.43643809854984283,176.10044645154372,12984
2022,"Eric Hosmer","BOS",13,0,0,0,0.384615384,0.384615384,0.461538461,0.846153845,0.076923077,0.384615384,2.098366249953353,0.6118623732076521,0.36899078809298,137.42341577789753,3516
2020,"Rafael Devers","BOS",50,0,0,0,0.18,0.18,0.38,0.56,0.2,0.145833333,2.5356397167417555,-3.7374779447343798,0.23116445779800415,35.515304127427115,17350
2022,"Triston Casas","BOS",20,0,0,0,0.4,0.4,0.75,1.15,0.35,0.333333333,5.1705877749483165,2.883658733801084,0.49123669862747193,223.72646249774584,22514
2020,"Alex Verdugo","BOS",51,0,0,0,0.372549019,0.372549019,0.549019607,0.921568626,0.176470588,0.346938775,9.537193719500472,3.1386137047948144,0.3927040100097656,146.1484124772683,17027
2022,"Abraham Almonte","BOS",8,0,0,0,0.5,0.5,1,1.5,0.5,0.428571428,2.9987477229685373,2.0839761065096445,0.6376475095748901,327.0894216531011,5486
2021,"Alex Verdugo","BOS",98,0,0,0,0.375,0.367346938,0.489583333,0.856930271,0.114583333,0.360824742,15.884849500572008,4.021382149969857,0.36402229082827664,126.4067184998179,17027
2023,"Raimel Tapia","BOS",7,0,0,0,0.285714285,0.285714285,0.428571428,0.714285713,0.142857143,0.285714285,0.7679285177371251,-0.08498074176099428,0.3037569522857666,87.24422902760655,14350
2021,"Rafael Devers","BOS",106,0,0,0,0.39047619,0.386792452,0.695238095,1.082030547,0.304761905,0.343434343,24.875685630095763,12.043771965158744,0.45175240737087324,185.69251775078112,17350
2024,"Mickey Gasper","BOS",8,0,0,0,0,0,0,0,0,0,-1.06138222252932,-1.9972067955693285,0,-100,24759
2021,"Jarren Duran","BOS",31,0,0,0,0.3,0.29032258,0.5,0.79032258,0.2,0.29032258,3.973893145072398,0.22116367702477932,0.32304924726486206,98.71816944583223,24617
2024,"Nick Sogard","BOS",5,0,0,0,0.2,0.2,0.2,0.4,0,0.2,0.046290176503446315,-0.538600181646559,0.1763421416282654,3.7555601412948802,25483
2022,"Jackie Bradley Jr.","BOS",38,0,0,0,0.342105263,0.342105263,0.552631578,0.894736841,0.210526315,0.305555555,6.610319412489671,2.26515423430993,0.3847793215199521,148.56978895331267,12984
2022,"Alex Verdugo","BOS",118,0,0,0,0.29059829,0.288135593,0.401709401,0.689844994,0.111111111,0.282051282,12.243683724086788,-1.2491976186818818,0.29642014887373325,86.19006785121354,17027
2022,"Rafael Devers","BOS",101,0,0,0,0.34,0.336633663,0.56,0.896633663,0.22,0.30927835,17.344771667138932,5.795780009345412,0.38197813883866416,146.59221278117712,17350
2022,"Franchy Cordero","BOS",36,0,0,0,0.428571428,0.428571428,0.971428571,1.399999999,0.542857143,0.333333333,12.179887184602425,8.063414910537409,0.5916862896510533,294.64176517899,14567
2022,"Jarren Duran","BOS",32,0,0,0,0.29032258,0.28125,0.548387096,0.829637096,0.258064516,0.28125,4.474207676791635,0.8151212109560635,0.3418095074594021,118.2340022247701,24617
2022,"Reese McGuire","BOS",28,0,0,0,0.518518518,0.5,0.814814814,1.314814814,0.296296296,0.481481481,8.555841797545405,5.35414113993928,0.5504439430577415,265.5255342202907,15674
2023,"Reese McGuire","BOS",27,0,0,0,0.407407407,0.407407407,0.518518518,0.925925925,0.111111111,0.407407407,5.083133746715277,1.793340888651103,0.3983501769878246,152.8088665052693,15674
2023,"Alex Verdugo","BOS",85,0,0,0,0.369047619,0.364705882,0.63095238,0.995658262,0.261904761,0.34939759,17.206151597812866,6.849396303907129,0.4154013703851139,164.62742240265024,17027
2023,"Rafael Devers","BOS",72,0,0,0,0.408450704,0.402777777,0.647887323,1.0506651,0.239436619,0.367647058,16.21655000566363,7.443769050825832,0.44286002549860215,183.65961814193827,17350
2023,"Triston Casas","BOS",48,0,0,0,0.340425531,0.333333333,0.59574468,0.929078013,0.255319149,0.304347826,8.5168903353451,2.668369698786568,0.3853111242254575,143.77121322608977,22514
2023,"Masataka Yoshida","BOS",80,0,0,0,0.3875,0.3875,0.6,0.9875,0.2125,0.371794871,16.448989316005598,6.7014549217413775,0.41923885941505434,167.2872701651621,31837
2023,"Enmanuel Valdez","BOS",26,0,0,0,0.384615384,0.384615384,0.692307692,1.076923076,0.307692308,0.333333333,6.085672376462271,2.9177236983263986,0.45349748318011945,191.03267322880532,21716
2023,"Jarren Duran","BOS",28,0,0,0,0.464285714,0.464285714,0.75,1.214285714,0.285714286,0.423076923,7.9993894434902835,4.587752405497806,0.5156622656754085,234.12044659755384,24617
2023,"Wilyer Abreu","BOS",22,0,0,0,0.59090909,0.59090909,0.681818181,1.272727271,0.090909091,0.59090909,6.991873095423072,4.311301137000411,0.5543374527584423,260.927066505763,23772
2024,"Rafael Devers","BOS",54,0,0,0,0.415094339,0.407407407,0.735849056,1.143256463,0.320754717,0.36,13.678046704797405,7.361230836777345,0.4795489024232935,217.0373876715439,17350
2024,"Enmanuel Valdez","BOS",16,0,0,0,0.25,0.25,0.3125,0.5625,0.0625,0.25,1.0158518268731291,-0.8557973192068881,0.24372364208102226,51.15308360222275,21716
2024,"Triston Casas","BOS",29,0,0,0,0.413793103,0.413793103,0.758620689,1.172413792,0.344827586,0.37037037,7.748331894013101,4.355967816743069,0.4968024492263794,229.17388483899487,22514
2024,"Jarren Duran","BOS",80,0,0,0,0.4,0.4,0.6875,1.0875,0.2875,0.368421052,19.15509522952879,9.796849499128706,0.46233042553067205,204.92555939529956,24617
2024,"David Hamilton","BOS",36,0,0,0,0.222222222,0.222222222,0.333333333,0.555555555,0.111111111,0.2,2.141009345532861,-2.0702012331471775,0.23873115248150295,47.64126446296857,27531
2024,"Masataka Yoshida","BOS",60,0,0,0,0.305084745,0.3,0.389830508,0.689830508,0.084745763,0.3,6.313406559520403,-0.7052777382796613,0.29557449916998546,87.62603535945537,31837
2024,"Reese McGuire","BOS",14,0,0,0,0,0,0,0,0,0,-1.85741888942631,-3.495111892246325,0,-100,15674
2024,"Wilyer Abreu","BOS",42,0,0,0,0.285714285,0.285714285,0.523809523,0.809523808,0.238095238,0.25,6.023585782402956,1.1105067739429109,0.3430302625610715,121.0073884544682,23772
2024,"Dominic Smith","BOS",23,0,0,0,0.217391304,0.217391304,0.304347826,0.52173913,0.086956522,0.217391304,1.0967964573389295,-1.593699190151095,0.22408801835516226,37.34098488131449,15653
2025,"Rafael Devers","BOS",43,0,0,0,0.333333333,0.325581395,0.619047619,0.944629014,0.285714286,0.275,7.89466845652223,2.8138870488679437,0.39365472627240555,151.52171987104666,17350
2025,"Triston Casas","BOS",9,0,0,0,0.222222222,0.222222222,0.222222222,0.444444444,0,0.222222222,0.20873985775668058,-0.8546795066360768,0.19609018166859946,15.426898665131846,22514
2025,"Wilyer Abreu","BOS",27,0,0,0,0.222222222,0.222222222,0.481481481,0.703703703,0.259259259,0.16,2.801702354545472,-0.38855573863280024,0.29533017343944973,83.7896150807479,23772
2025,"Jarren Duran","BOS",66,0,0,0,0.353846153,0.348484848,0.646153846,0.994638694,0.292307693,0.317460317,13.25422994141892,5.455821269205365,0.4148699261925437,166.13607714739427,24617
2025,"David Hamilton","BOS",14,0,0,0,0,0,0,0,0,0,-1.9041856860560313,-3.558393586222543,0,-100,27531
2025,"Nick Sogard","BOS",12,0,0,0,0.416666666,0.416666666,0.5,0.916666666,0.083333334,0.416666666,2.2499889186123854,0.8320964327553756,0.39846087495485943,154.83249583512116,25483
2025,"Abraham Toro","BOS",31,0,0,0,0.29032258,0.29032258,0.64516129,0.93548387,0.35483871,0.214285714,5.644679537909845,1.9817906161125693,0.3917942816211331,150.24012917527588,19844
2025,"Marcelo Mayer","BOS",21,0,0,0,0.4,0.38095238,0.95,1.33095238,0.55,0.315789473,6.2506412003625424,3.7693293501127747,0.5341300935972304,248.28994333060632,29668
2025,"Roman Anthony","BOS",40,0,0,0,0.35,0.35,0.5,0.85,0.15,0.35,6.3894841180322075,1.663175831842174,0.36426724791526793,131.27778581532903,31812
2025,"Masataka Yoshida","BOS",19,0,0,0,0.166666666,0.157894736,0.222222222,0.380116958,0.055555556,0.157894736,-0.13496315177975965,-2.3799595877200255,0.15877467707583778,-10.27835596921897,31837
2025,"Nathaniel Lowe","BOS",9,0,0,0,0.333333333,0.333333333,0.666666666,0.999999999,0.333333333,0.25,1.8629108572371298,0.7994914928443726,0.4224674039416843,171.3696952439952,19566